"","Churn","Churn.pred"
"1","No","No"
"2","No","No"
"3","Yes","No"
"4","Yes","Yes"
"5","No","No"
"6","No","No"
"7","No","No"
"8","Yes","Yes"
"9","No","No"
"10","Yes","Yes"
"11","Yes","No"
"12","No","No"
"13","No","No"
"14","No","No"
"15","No","No"
"16","No","No"
"17","Yes","Yes"
"18","Yes","No"
"19","Yes","Yes"
"20","Yes","No"
"21","No","Yes"
"22","No","Yes"
"23","No","No"
"24","No","No"
"25","No","No"
"26","No","No"
"27","No","No"
"28","No","No"
"29","No","No"
"30","Yes","Yes"
"31","Yes","No"
"32","Yes","No"
"33","Yes","No"
"34","No","No"
"35","No","No"
"36","Yes","Yes"
"37","No","No"
"38","Yes","No"
"39","No","No"
"40","No","No"
"41","No","No"
"42","No","No"
"43","Yes","Yes"
"44","Yes","No"
"45","No","Yes"
"46","No","No"
"47","No","No"
"48","No","No"
"49","Yes","No"
"50","No","No"
"51","Yes","Yes"
"52","Yes","Yes"
"53","No","No"
"54","No","No"
"55","Yes","No"
"56","No","No"
"57","Yes","No"
"58","No","No"
"59","No","No"
"60","Yes","Yes"
"61","No","No"
"62","No","No"
"63","No","No"
"64","No","No"
"65","No","No"
"66","No","No"
"67","No","No"
"68","Yes","No"
"69","No","No"
"70","No","No"
"71","No","No"
"72","Yes","Yes"
"73","No","No"
"74","No","No"
"75","Yes","No"
"76","No","No"
"77","No","No"
"78","Yes","No"
"79","No","No"
"80","Yes","Yes"
"81","No","Yes"
"82","No","No"
"83","No","No"
"84","No","No"
"85","No","No"
"86","No","Yes"
"87","Yes","No"
"88","Yes","Yes"
"89","No","No"
"90","No","No"
"91","No","No"
"92","No","No"
"93","No","Yes"
"94","No","No"
"95","No","No"
"96","Yes","Yes"
"97","No","No"
"98","No","Yes"
"99","Yes","Yes"
"100","Yes","No"
"101","No","No"
"102","Yes","No"
"103","Yes","Yes"
"104","No","No"
"105","No","No"
"106","No","No"
"107","No","Yes"
"108","No","No"
"109","No","No"
"110","Yes","No"
"111","No","No"
"112","No","Yes"
"113","No","No"
"114","No","No"
"115","No","No"
"116","No","No"
"117","No","No"
"118","No","No"
"119","No","No"
"120","No","No"
"121","Yes","No"
"122","Yes","Yes"
"123","Yes","No"
"124","Yes","No"
"125","No","No"
"126","No","No"
"127","No","No"
"128","No","No"
"129","No","No"
"130","No","No"
"131","No","Yes"
"132","No","No"
"133","Yes","Yes"
"134","Yes","No"
"135","Yes","Yes"
"136","No","No"
"137","No","No"
"138","No","Yes"
"139","No","Yes"
"140","No","No"
"141","No","No"
"142","No","No"
"143","Yes","No"
"144","No","No"
"145","No","No"
"146","Yes","No"
"147","Yes","No"
"148","No","No"
"149","No","No"
"150","No","No"
"151","No","No"
"152","Yes","Yes"
"153","No","No"
"154","No","No"
"155","Yes","No"
"156","Yes","No"
"157","No","No"
"158","No","No"
"159","Yes","Yes"
"160","No","No"
"161","No","No"
"162","No","Yes"
"163","No","No"
"164","No","No"
"165","No","No"
"166","No","No"
"167","No","No"
"168","No","No"
"169","No","No"
"170","No","No"
"171","No","No"
"172","No","No"
"173","No","No"
"174","No","No"
"175","No","No"
"176","No","No"
"177","No","No"
"178","No","No"
"179","No","No"
"180","Yes","No"
"181","No","No"
"182","No","No"
"183","Yes","No"
"184","Yes","Yes"
"185","No","No"
"186","No","No"
"187","No","No"
"188","No","No"
"189","No","No"
"190","No","No"
"191","No","No"
"192","No","No"
"193","Yes","No"
"194","No","No"
"195","No","No"
"196","No","No"
"197","No","No"
"198","No","No"
"199","Yes","Yes"
"200","Yes","No"
"201","No","No"
"202","Yes","No"
"203","No","No"
"204","No","No"
"205","No","No"
"206","Yes","No"
"207","Yes","No"
"208","No","No"
"209","Yes","No"
"210","No","No"
"211","No","No"
"212","No","No"
"213","No","No"
"214","No","No"
"215","No","No"
"216","No","No"
"217","No","No"
"218","No","No"
"219","No","No"
"220","No","No"
"221","No","No"
"222","No","No"
"223","No","No"
"224","No","Yes"
"225","Yes","No"
"226","No","No"
"227","No","No"
"228","Yes","Yes"
"229","No","No"
"230","Yes","No"
"231","Yes","Yes"
"232","No","No"
"233","No","No"
"234","No","No"
"235","Yes","No"
"236","Yes","Yes"
"237","No","No"
"238","Yes","No"
"239","No","Yes"
"240","Yes","Yes"
"241","No","Yes"
"242","No","No"
"243","No","No"
"244","No","No"
"245","No","No"
"246","No","No"
"247","No","No"
"248","No","No"
"249","No","No"
"250","Yes","Yes"
"251","No","No"
"252","No","No"
"253","Yes","No"
"254","No","No"
"255","Yes","No"
"256","Yes","No"
"257","No","No"
"258","Yes","No"
"259","No","No"
"260","No","No"
"261","No","No"
"262","No","No"
"263","Yes","Yes"
"264","No","No"
"265","No","No"
"266","No","No"
"267","No","No"
"268","Yes","No"
"269","No","No"
"270","No","No"
"271","No","No"
"272","No","No"
"273","Yes","No"
"274","No","No"
"275","No","No"
"276","No","Yes"
"277","No","Yes"
"278","No","No"
"279","No","No"
"280","Yes","No"
"281","No","No"
"282","Yes","Yes"
"283","No","No"
"284","Yes","No"
"285","No","No"
"286","No","No"
"287","No","No"
"288","Yes","No"
"289","No","No"
"290","Yes","No"
"291","Yes","Yes"
"292","No","No"
"293","No","Yes"
"294","No","No"
"295","No","No"
"296","No","No"
"297","Yes","No"
"298","Yes","No"
"299","No","No"
"300","Yes","No"
"301","No","No"
"302","No","No"
"303","Yes","Yes"
"304","No","No"
"305","No","No"
"306","No","No"
"307","No","No"
"308","No","No"
"309","Yes","No"
"310","No","No"
"311","No","No"
"312","No","No"
"313","Yes","Yes"
"314","No","Yes"
"315","No","No"
"316","Yes","No"
"317","No","No"
"318","Yes","No"
"319","No","No"
"320","No","No"
"321","No","Yes"
"322","No","No"
"323","No","No"
"324","Yes","Yes"
"325","Yes","No"
"326","Yes","No"
"327","No","Yes"
"328","No","No"
"329","No","No"
"330","Yes","No"
"331","No","No"
"332","No","No"
"333","No","No"
"334","No","No"
"335","No","No"
"336","Yes","Yes"
"337","No","No"
"338","Yes","No"
"339","No","No"
"340","No","No"
"341","No","Yes"
"342","No","No"
"343","No","No"
"344","Yes","No"
"345","No","No"
"346","No","No"
"347","Yes","Yes"
"348","No","Yes"
"349","No","No"
"350","No","No"
"351","No","No"
"352","No","Yes"
"353","No","No"
"354","No","No"
"355","No","No"
"356","Yes","No"
"357","No","Yes"
"358","No","No"
"359","No","No"
"360","No","No"
"361","No","No"
"362","No","Yes"
"363","Yes","Yes"
"364","No","No"
"365","No","No"
"366","Yes","No"
"367","No","No"
"368","No","Yes"
"369","No","No"
"370","No","No"
"371","No","No"
"372","No","No"
"373","No","No"
"374","No","No"
"375","No","No"
"376","No","No"
"377","No","Yes"
"378","Yes","No"
"379","No","No"
"380","No","No"
"381","No","No"
"382","No","No"
"383","Yes","No"
"384","No","No"
"385","No","No"
"386","No","No"
"387","No","No"
"388","Yes","No"
"389","No","No"
"390","No","No"
"391","No","No"
"392","Yes","Yes"
"393","No","Yes"
"394","No","Yes"
"395","No","No"
"396","No","Yes"
"397","No","No"
"398","No","No"
"399","No","No"
"400","No","No"
"401","No","No"
"402","No","No"
"403","Yes","No"
"404","Yes","No"
"405","No","No"
"406","Yes","Yes"
"407","Yes","Yes"
"408","No","No"
"409","No","No"
"410","Yes","Yes"
"411","Yes","No"
"412","No","Yes"
"413","No","No"
"414","No","No"
"415","Yes","Yes"
"416","Yes","No"
"417","No","Yes"
"418","No","No"
"419","Yes","No"
"420","No","No"
"421","No","No"
"422","No","Yes"
"423","No","No"
"424","No","No"
"425","No","No"
"426","Yes","No"
"427","No","No"
"428","No","No"
"429","No","No"
"430","No","No"
"431","Yes","No"
"432","Yes","Yes"
"433","Yes","No"
"434","No","No"
"435","No","No"
"436","Yes","No"
"437","No","No"
"438","No","Yes"
"439","Yes","No"
"440","No","Yes"
"441","No","No"
"442","No","No"
"443","Yes","No"
"444","No","No"
"445","Yes","Yes"
"446","Yes","Yes"
"447","No","No"
"448","No","No"
"449","No","No"
"450","No","No"
"451","No","No"
"452","No","No"
"453","No","No"
"454","No","No"
"455","No","No"
"456","No","No"
"457","Yes","No"
"458","No","No"
"459","No","No"
"460","No","No"
"461","No","No"
"462","No","No"
"463","Yes","No"
"464","Yes","Yes"
"465","No","Yes"
"466","Yes","Yes"
"467","Yes","No"
"468","No","No"
"469","No","No"
"470","No","No"
"471","No","No"
"472","No","No"
"473","No","No"
"474","No","No"
"475","No","No"
"476","No","No"
"477","Yes","Yes"
"478","Yes","Yes"
"479","Yes","Yes"
"480","No","No"
"481","No","No"
"482","No","No"
"483","No","No"
"484","No","No"
"485","No","No"
"486","No","No"
"487","No","No"
"488","No","No"
"489","No","No"
"490","Yes","No"
"491","Yes","Yes"
"492","No","No"
"493","No","No"
"494","No","No"
"495","No","Yes"
"496","No","No"
"497","No","No"
"498","Yes","No"
"499","Yes","Yes"
"500","No","No"
"501","No","No"
"502","Yes","No"
"503","No","No"
"504","No","No"
"505","No","No"
"506","No","No"
"507","No","No"
"508","Yes","No"
"509","No","No"
"510","Yes","Yes"
"511","No","No"
"512","No","No"
"513","No","No"
"514","No","No"
"515","Yes","Yes"
"516","No","No"
"517","No","Yes"
"518","No","No"
"519","Yes","No"
"520","Yes","Yes"
"521","No","No"
"522","Yes","Yes"
"523","Yes","No"
"524","No","No"
"525","No","No"
"526","No","No"
"527","No","No"
"528","Yes","No"
"529","Yes","Yes"
"530","Yes","No"
"531","Yes","Yes"
"532","No","No"
"533","No","No"
"534","No","No"
"535","No","No"
"536","No","Yes"
"537","No","No"
"538","No","No"
"539","No","No"
"540","No","No"
"541","No","No"
"542","Yes","No"
"543","No","No"
"544","No","No"
"545","No","No"
"546","Yes","No"
"547","No","No"
"548","Yes","No"
"549","No","Yes"
"550","No","Yes"
"551","No","No"
"552","Yes","Yes"
"553","No","No"
"554","No","No"
"555","No","No"
"556","No","No"
"557","No","No"
"558","No","No"
"559","No","No"
"560","No","Yes"
"561","No","Yes"
"562","No","No"
"563","No","No"
"564","Yes","Yes"
"565","No","No"
"566","Yes","Yes"
"567","Yes","No"
"568","No","No"
"569","No","No"
"570","No","No"
"571","No","No"
"572","No","No"
"573","No","No"
"574","Yes","No"
"575","No","No"
"576","No","No"
"577","No","No"
"578","Yes","Yes"
"579","Yes","No"
"580","No","No"
"581","Yes","No"
"582","No","No"
"583","No","No"
"584","Yes","No"
"585","No","No"
"586","No","No"
"587","Yes","No"
"588","Yes","No"
"589","No","No"
"590","No","No"
"591","No","Yes"
"592","Yes","Yes"
"593","Yes","No"
"594","Yes","No"
"595","No","No"
"596","No","No"
"597","No","No"
"598","No","No"
"599","No","No"
"600","Yes","No"
"601","No","No"
"602","No","No"
"603","No","No"
"604","No","Yes"
"605","No","No"
"606","Yes","Yes"
"607","No","Yes"
"608","No","No"
"609","No","No"
"610","No","No"
"611","No","No"
"612","No","No"
"613","No","No"
"614","No","No"
"615","Yes","No"
"616","No","No"
"617","Yes","No"
"618","Yes","No"
"619","No","No"
"620","No","No"
"621","No","No"
"622","Yes","Yes"
"623","No","No"
"624","Yes","Yes"
"625","No","No"
"626","No","No"
"627","No","No"
"628","Yes","Yes"
"629","No","No"
"630","No","No"
"631","Yes","No"
"632","No","No"
"633","No","No"
"634","No","No"
"635","No","Yes"
"636","No","No"
"637","No","No"
"638","No","No"
"639","No","No"
"640","No","No"
"641","No","No"
"642","No","No"
"643","No","No"
"644","No","No"
"645","Yes","Yes"
"646","No","No"
"647","No","No"
"648","Yes","Yes"
"649","No","No"
"650","No","No"
"651","No","No"
"652","No","No"
"653","Yes","Yes"
"654","No","No"
"655","No","No"
"656","No","Yes"
"657","No","No"
"658","No","No"
"659","No","No"
"660","Yes","Yes"
"661","Yes","No"
"662","Yes","No"
"663","Yes","No"
"664","No","No"
"665","No","No"
"666","Yes","Yes"
"667","No","No"
"668","No","No"
"669","Yes","No"
"670","No","No"
"671","No","No"
"672","No","No"
"673","Yes","No"
"674","No","No"
"675","No","No"
"676","No","No"
"677","No","No"
"678","No","No"
"679","No","No"
"680","Yes","Yes"
"681","Yes","Yes"
"682","No","No"
"683","No","No"
"684","No","No"
"685","No","No"
"686","Yes","Yes"
"687","Yes","Yes"
"688","Yes","Yes"
"689","No","No"
"690","Yes","Yes"
"691","No","No"
"692","Yes","No"
"693","No","No"
"694","Yes","Yes"
"695","No","No"
"696","No","No"
"697","No","No"
"698","No","No"
"699","No","No"
"700","No","No"
"701","No","No"
"702","No","No"
"703","No","No"
"704","Yes","No"
"705","Yes","Yes"
"706","No","No"
"707","No","No"
"708","No","No"
"709","Yes","No"
"710","Yes","No"
"711","No","No"
"712","No","No"
"713","No","No"
"714","No","No"
"715","Yes","No"
"716","Yes","Yes"
"717","No","No"
"718","No","No"
"719","No","No"
"720","No","No"
"721","No","No"
"722","No","No"
"723","No","Yes"
"724","No","Yes"
"725","Yes","No"
"726","Yes","Yes"
"727","No","No"
"728","Yes","No"
"729","No","No"
"730","No","No"
"731","Yes","No"
"732","No","No"
"733","No","No"
"734","No","No"
"735","Yes","Yes"
"736","No","No"
"737","Yes","No"
"738","No","No"
"739","No","No"
"740","No","No"
"741","No","No"
"742","No","No"
"743","No","No"
"744","No","No"
"745","No","No"
"746","No","No"
"747","No","Yes"
"748","Yes","No"
"749","No","No"
"750","Yes","Yes"
"751","No","No"
"752","No","No"
"753","No","No"
"754","Yes","No"
"755","No","No"
"756","Yes","Yes"
"757","No","No"
"758","Yes","Yes"
"759","No","No"
"760","Yes","No"
"761","Yes","Yes"
"762","No","No"
"763","Yes","No"
"764","No","No"
"765","No","No"
"766","No","Yes"
"767","Yes","Yes"
"768","Yes","No"
"769","No","No"
"770","No","No"
"771","No","Yes"
"772","No","No"
"773","No","No"
"774","No","Yes"
"775","No","No"
"776","No","No"
"777","Yes","No"
"778","No","No"
"779","Yes","Yes"
"780","No","No"
"781","No","Yes"
"782","Yes","Yes"
"783","No","Yes"
"784","No","No"
"785","No","No"
"786","No","No"
"787","No","No"
"788","No","No"
"789","Yes","Yes"
"790","Yes","No"
"791","No","No"
"792","No","No"
"793","No","No"
"794","No","No"
"795","No","No"
"796","Yes","No"
"797","No","No"
"798","No","No"
"799","Yes","Yes"
"800","Yes","Yes"
"801","No","No"
"802","No","No"
"803","No","No"
"804","No","No"
"805","No","No"
"806","No","No"
"807","No","No"
"808","No","No"
"809","Yes","No"
"810","No","No"
"811","Yes","No"
"812","No","No"
"813","No","No"
"814","No","No"
"815","No","No"
"816","No","No"
"817","No","No"
"818","No","No"
"819","No","No"
"820","No","No"
"821","No","Yes"
"822","Yes","No"
"823","Yes","No"
"824","No","No"
"825","No","No"
"826","Yes","Yes"
"827","No","No"
"828","No","No"
"829","No","No"
"830","No","No"
"831","No","No"
"832","No","No"
"833","No","No"
"834","No","No"
"835","No","No"
"836","No","No"
"837","No","No"
"838","No","No"
"839","No","No"
"840","No","No"
"841","Yes","No"
"842","No","No"
"843","Yes","Yes"
"844","No","No"
"845","No","No"
"846","No","No"
"847","No","No"
"848","No","No"
"849","No","No"
"850","No","No"
"851","Yes","Yes"
"852","Yes","No"
"853","No","No"
"854","No","No"
"855","No","No"
"856","No","No"
"857","No","No"
"858","No","No"
"859","No","No"
"860","No","No"
"861","Yes","No"
"862","Yes","No"
"863","No","No"
"864","Yes","No"
"865","No","No"
"866","No","No"
"867","No","No"
"868","Yes","No"
"869","No","No"
"870","No","Yes"
"871","No","No"
"872","No","No"
"873","Yes","No"
"874","No","No"
"875","Yes","No"
"876","No","Yes"
"877","Yes","Yes"
"878","No","No"
"879","No","No"
"880","No","No"
"881","Yes","No"
"882","No","No"
"883","No","No"
"884","Yes","No"
"885","No","Yes"
"886","No","No"
"887","Yes","Yes"
"888","No","No"
"889","No","No"
"890","No","Yes"
"891","No","No"
"892","No","No"
"893","Yes","No"
"894","No","No"
"895","No","No"
"896","Yes","Yes"
"897","No","No"
"898","No","Yes"
"899","No","No"
"900","No","Yes"
"901","No","No"
"902","Yes","Yes"
"903","Yes","No"
"904","No","No"
"905","No","No"
"906","No","No"
"907","No","No"
"908","No","No"
"909","No","No"
"910","No","No"
"911","No","No"
"912","No","No"
"913","No","No"
"914","Yes","No"
"915","Yes","Yes"
"916","No","No"
"917","No","No"
"918","No","No"
"919","No","No"
"920","No","No"
"921","No","No"
"922","No","No"
"923","Yes","No"
"924","No","No"
"925","No","No"
"926","No","No"
"927","No","No"
"928","Yes","No"
"929","No","No"
"930","No","No"
"931","Yes","Yes"
"932","No","No"
"933","Yes","No"
"934","No","No"
"935","No","No"
"936","No","Yes"
"937","No","No"
"938","No","No"
"939","No","No"
"940","No","No"
"941","Yes","No"
"942","No","No"
"943","No","No"
"944","No","No"
"945","No","No"
"946","Yes","No"
"947","No","No"
"948","No","No"
"949","Yes","Yes"
"950","No","No"
"951","No","No"
"952","No","No"
"953","Yes","Yes"
"954","No","No"
"955","Yes","Yes"
"956","No","No"
"957","No","No"
"958","No","No"
"959","No","Yes"
"960","No","No"
"961","No","No"
"962","No","No"
"963","Yes","No"
"964","No","No"
"965","Yes","No"
"966","No","No"
"967","No","No"
"968","No","No"
"969","No","No"
"970","Yes","No"
"971","No","No"
"972","No","No"
"973","No","No"
"974","Yes","No"
"975","No","Yes"
"976","No","No"
"977","Yes","No"
"978","Yes","No"
"979","No","Yes"
"980","No","No"
"981","No","Yes"
"982","Yes","Yes"
"983","Yes","No"
"984","No","No"
"985","Yes","Yes"
"986","No","No"
"987","Yes","Yes"
"988","No","No"
"989","No","No"
"990","No","No"
"991","No","No"
"992","Yes","Yes"
"993","No","No"
"994","Yes","Yes"
"995","No","No"
"996","No","No"
"997","No","No"
"998","No","No"
"999","No","No"
"1000","No","No"
"1001","No","No"
"1002","No","No"
"1003","Yes","Yes"
"1004","No","No"
"1005","No","No"
"1006","Yes","No"
"1007","Yes","No"
"1008","Yes","Yes"
"1009","Yes","Yes"
"1010","No","No"
"1011","Yes","Yes"
"1012","Yes","No"
"1013","No","No"
"1014","No","No"
"1015","No","No"
"1016","No","No"
"1017","No","No"
"1018","No","No"
"1019","No","No"
"1020","Yes","Yes"
"1021","No","No"
"1022","No","No"
"1023","Yes","No"
"1024","Yes","No"
"1025","No","No"
"1026","No","No"
"1027","Yes","Yes"
"1028","Yes","No"
"1029","No","No"
"1030","No","No"
"1031","No","No"
"1032","No","No"
"1033","No","No"
"1034","Yes","Yes"
"1035","No","No"
"1036","No","No"
"1037","Yes","No"
"1038","No","No"
"1039","Yes","No"
"1040","Yes","Yes"
"1041","No","No"
"1042","No","No"
"1043","Yes","No"
"1044","No","No"
"1045","Yes","No"
"1046","Yes","Yes"
"1047","No","Yes"
"1048","No","No"
"1049","No","Yes"
"1050","Yes","Yes"
"1051","No","Yes"
"1052","Yes","Yes"
"1053","No","No"
"1054","No","No"
"1055","No","No"
"1056","No","No"
"1057","Yes","Yes"
"1058","No","No"
"1059","No","No"
"1060","No","No"
"1061","No","No"
"1062","Yes","Yes"
"1063","No","No"
"1064","Yes","No"
"1065","Yes","No"
"1066","No","No"
"1067","No","No"
"1068","Yes","Yes"
"1069","Yes","Yes"
"1070","Yes","Yes"
"1071","Yes","Yes"
"1072","No","No"
"1073","Yes","No"
"1074","No","No"
"1075","No","No"
"1076","No","No"
"1077","No","No"
"1078","Yes","No"
"1079","No","No"
"1080","No","Yes"
"1081","Yes","No"
"1082","No","No"
"1083","No","No"
"1084","Yes","No"
"1085","Yes","No"
"1086","No","No"
"1087","No","No"
"1088","No","No"
"1089","No","No"
"1090","No","No"
"1091","Yes","No"
"1092","Yes","No"
"1093","No","No"
"1094","Yes","No"
"1095","No","No"
"1096","No","No"
"1097","Yes","Yes"
"1098","No","No"
"1099","Yes","Yes"
"1100","No","Yes"
"1101","No","No"
"1102","No","No"
"1103","No","No"
"1104","Yes","Yes"
"1105","No","No"
"1106","Yes","No"
"1107","No","No"
"1108","No","No"
"1109","Yes","No"
"1110","No","No"
"1111","No","No"
"1112","No","No"
"1113","No","No"
"1114","No","No"
"1115","No","No"
"1116","Yes","No"
"1117","Yes","Yes"
"1118","No","No"
"1119","No","No"
"1120","No","No"
"1121","No","No"
"1122","No","No"
"1123","Yes","Yes"
"1124","No","No"
"1125","Yes","Yes"
"1126","No","No"
"1127","No","No"
"1128","Yes","No"
"1129","No","No"
"1130","Yes","Yes"
"1131","No","No"
"1132","No","No"
"1133","No","No"
"1134","No","No"
"1135","No","No"
"1136","No","No"
"1137","No","No"
"1138","No","No"
"1139","No","No"
"1140","Yes","No"
"1141","No","Yes"
"1142","No","No"
"1143","No","No"
"1144","No","No"
"1145","No","No"
"1146","No","No"
"1147","Yes","No"
"1148","No","No"
"1149","No","No"
"1150","No","No"
"1151","No","No"
"1152","Yes","No"
"1153","No","No"
"1154","No","No"
"1155","Yes","Yes"
"1156","No","No"
"1157","No","No"
"1158","No","Yes"
"1159","No","No"
"1160","No","Yes"
"1161","No","No"
"1162","No","No"
"1163","No","No"
"1164","No","No"
"1165","No","No"
"1166","Yes","No"
"1167","Yes","Yes"
"1168","Yes","No"
"1169","Yes","Yes"
"1170","No","No"
"1171","No","No"
"1172","No","No"
"1173","No","No"
"1174","Yes","No"
"1175","No","No"
"1176","Yes","No"
"1177","No","No"
"1178","Yes","No"
"1179","Yes","Yes"
"1180","No","No"
"1181","No","No"
"1182","No","No"
"1183","No","No"
"1184","No","No"
"1185","No","No"
"1186","No","No"
"1187","No","No"
"1188","Yes","No"
"1189","No","No"
"1190","Yes","Yes"
"1191","No","Yes"
"1192","No","No"
"1193","Yes","Yes"
"1194","No","No"
"1195","No","No"
"1196","Yes","No"
"1197","No","No"
"1198","No","No"
"1199","No","Yes"
"1200","No","No"
"1201","No","No"
"1202","No","No"
"1203","No","No"
"1204","Yes","Yes"
"1205","No","No"
"1206","No","No"
"1207","No","No"
"1208","No","No"
"1209","No","No"
"1210","No","No"
"1211","Yes","No"
"1212","No","No"
"1213","No","No"
"1214","Yes","No"
"1215","No","Yes"
"1216","Yes","Yes"
"1217","No","No"
"1218","Yes","No"
"1219","Yes","No"
"1220","No","No"
"1221","Yes","No"
"1222","Yes","Yes"
"1223","No","No"
"1224","No","Yes"
"1225","No","No"
"1226","No","No"
"1227","No","No"
"1228","No","No"
"1229","Yes","No"
"1230","Yes","Yes"
"1231","No","No"
"1232","No","No"
"1233","No","No"
"1234","Yes","No"
"1235","Yes","Yes"
"1236","No","No"
"1237","No","No"
"1238","No","No"
"1239","Yes","No"
"1240","No","No"
"1241","No","Yes"
"1242","No","No"
"1243","No","No"
"1244","Yes","No"
"1245","No","No"
"1246","No","No"
"1247","No","No"
"1248","No","No"
"1249","Yes","No"
"1250","Yes","Yes"
"1251","No","No"
"1252","No","No"
"1253","No","No"
"1254","Yes","Yes"
"1255","Yes","No"
"1256","No","No"
"1257","Yes","No"
"1258","Yes","No"
"1259","No","No"
"1260","No","No"
"1261","No","No"
"1262","Yes","Yes"
"1263","No","No"
"1264","No","No"
"1265","No","No"
"1266","Yes","No"
"1267","Yes","Yes"
"1268","Yes","Yes"
"1269","Yes","No"
"1270","No","No"
"1271","No","No"
"1272","Yes","No"
"1273","No","No"
"1274","Yes","No"
"1275","No","No"
"1276","No","No"
"1277","No","No"
"1278","Yes","Yes"
"1279","No","No"
"1280","Yes","Yes"
"1281","No","Yes"
"1282","No","No"
"1283","No","No"
"1284","Yes","Yes"
"1285","No","No"
"1286","No","No"
"1287","No","No"
"1288","No","No"
"1289","No","No"
"1290","No","Yes"
"1291","No","No"
"1292","Yes","Yes"
"1293","No","No"
"1294","No","No"
"1295","Yes","Yes"
"1296","Yes","No"
"1297","No","No"
"1298","No","No"
"1299","No","No"
"1300","No","No"
"1301","No","No"
"1302","No","No"
"1303","No","No"
"1304","Yes","No"
"1305","No","No"
"1306","No","No"
"1307","Yes","No"
"1308","No","No"
"1309","No","No"
"1310","No","No"
"1311","No","No"
"1312","No","No"
"1313","No","No"
"1314","No","No"
"1315","No","No"
"1316","Yes","No"
"1317","Yes","No"
"1318","Yes","No"
"1319","Yes","No"
"1320","Yes","Yes"
"1321","No","No"
"1322","Yes","No"
"1323","No","No"
"1324","Yes","Yes"
"1325","No","No"
"1326","No","No"
"1327","Yes","No"
"1328","No","No"
"1329","No","No"
"1330","No","No"
"1331","No","No"
"1332","Yes","Yes"
"1333","No","No"
"1334","Yes","Yes"
"1335","No","No"
"1336","No","No"
"1337","Yes","No"
"1338","No","Yes"
"1339","No","No"
"1340","No","No"
"1341","No","No"
"1342","Yes","Yes"
"1343","Yes","Yes"
"1344","No","No"
"1345","No","No"
"1346","No","No"
"1347","No","No"
"1348","Yes","No"
"1349","Yes","No"
"1350","Yes","No"
"1351","No","No"
"1352","No","No"
"1353","No","No"
"1354","No","No"
"1355","No","No"
"1356","No","Yes"
"1357","Yes","Yes"
"1358","No","No"
"1359","No","No"
"1360","Yes","No"
"1361","No","No"
"1362","No","No"
"1363","No","No"
"1364","No","No"
"1365","No","No"
"1366","No","No"
"1367","No","Yes"
"1368","Yes","Yes"
"1369","No","No"
"1370","No","No"
"1371","No","No"
"1372","Yes","No"
"1373","No","No"
"1374","No","No"
"1375","Yes","Yes"
"1376","No","Yes"
"1377","Yes","No"
"1378","Yes","No"
"1379","No","No"
"1380","No","No"
"1381","No","No"
"1382","No","No"
"1383","No","No"
"1384","Yes","No"
"1385","No","No"
"1386","No","No"
"1387","Yes","No"
"1388","No","No"
"1389","Yes","No"
"1390","No","No"
"1391","No","No"
"1392","No","No"
"1393","No","No"
"1394","Yes","Yes"
"1395","Yes","Yes"
"1396","No","No"
"1397","No","No"
"1398","No","No"
"1399","No","No"
"1400","No","No"
"1401","No","No"
"1402","No","No"
"1403","No","No"
"1404","No","No"
"1405","Yes","Yes"
"1406","No","No"
"1407","No","No"
"1408","Yes","Yes"
"1409","No","No"
"1410","Yes","No"
"1411","No","No"
"1412","No","No"
"1413","No","No"
"1414","No","No"
"1415","Yes","Yes"
"1416","No","No"
"1417","No","No"
"1418","Yes","No"
"1419","No","No"
"1420","No","No"
"1421","No","No"
"1422","No","No"
"1423","No","No"
"1424","No","Yes"
"1425","No","No"
"1426","No","No"
"1427","No","No"
"1428","No","No"
"1429","No","No"
"1430","Yes","No"
"1431","No","No"
"1432","No","No"
"1433","No","No"
"1434","No","No"
"1435","No","No"
"1436","Yes","Yes"
"1437","No","No"
"1438","No","No"
"1439","No","No"
"1440","No","Yes"
"1441","No","No"
"1442","No","No"
"1443","No","No"
"1444","No","No"
"1445","No","No"
"1446","No","No"
"1447","Yes","No"
"1448","No","No"
"1449","No","No"
"1450","No","No"
"1451","No","No"
"1452","No","No"
"1453","Yes","Yes"
"1454","No","No"
"1455","Yes","No"
"1456","Yes","No"
"1457","No","No"
"1458","No","No"
"1459","No","No"
"1460","No","No"
"1461","No","No"
"1462","No","No"
"1463","No","No"
"1464","No","No"
"1465","No","Yes"
"1466","No","No"
"1467","No","No"
"1468","No","No"
"1469","No","No"
"1470","No","No"
"1471","Yes","No"
"1472","No","No"
"1473","No","No"
"1474","Yes","No"
"1475","No","No"
"1476","Yes","No"
"1477","Yes","Yes"
"1478","No","No"
"1479","No","No"
"1480","No","No"
"1481","Yes","No"
"1482","No","No"
"1483","Yes","Yes"
"1484","Yes","No"
"1485","No","Yes"
"1486","No","No"
"1487","Yes","Yes"
"1488","Yes","Yes"
"1489","No","No"
"1490","Yes","No"
"1491","Yes","No"
"1492","No","No"
"1493","No","No"
"1494","No","No"
"1495","Yes","Yes"
"1496","Yes","Yes"
"1497","No","No"
"1498","No","No"
"1499","No","No"
"1500","Yes","Yes"
"1501","No","No"
"1502","No","Yes"
"1503","Yes","No"
"1504","No","No"
"1505","Yes","Yes"
"1506","No","No"
"1507","No","No"
"1508","No","Yes"
"1509","No","No"
"1510","No","No"
"1511","Yes","No"
"1512","No","No"
"1513","No","No"
"1514","No","No"
"1515","No","Yes"
"1516","Yes","No"
"1517","No","No"
"1518","No","No"
"1519","No","No"
"1520","No","No"
"1521","No","No"
"1522","Yes","No"
"1523","No","No"
"1524","No","No"
"1525","No","No"
"1526","No","No"
"1527","No","No"
"1528","No","No"
"1529","No","No"
"1530","No","No"
"1531","No","Yes"
"1532","No","No"
"1533","Yes","Yes"
"1534","No","No"
"1535","No","Yes"
"1536","No","No"
"1537","Yes","Yes"
"1538","No","Yes"
"1539","No","No"
"1540","Yes","No"
"1541","Yes","Yes"
"1542","No","No"
"1543","No","No"
"1544","Yes","Yes"
"1545","Yes","No"
"1546","No","No"
"1547","No","No"
"1548","No","No"
"1549","Yes","No"
"1550","No","No"
"1551","No","No"
"1552","Yes","Yes"
"1553","Yes","No"
"1554","No","No"
"1555","No","No"
"1556","Yes","No"
"1557","No","No"
"1558","No","No"
"1559","No","No"
"1560","No","No"
"1561","Yes","No"
"1562","No","No"
"1563","No","No"
"1564","No","No"
"1565","No","No"
"1566","No","No"
"1567","No","No"
"1568","No","No"
"1569","Yes","No"
"1570","No","No"
"1571","Yes","Yes"
"1572","No","No"
"1573","No","No"
"1574","Yes","Yes"
"1575","No","No"
"1576","No","No"
"1577","Yes","No"
"1578","No","No"
"1579","No","No"
"1580","No","No"
"1581","No","No"
"1582","No","No"
"1583","No","No"
"1584","No","No"
"1585","No","No"
"1586","No","No"
"1587","No","No"
"1588","No","Yes"
"1589","No","No"
"1590","No","No"
"1591","No","No"
"1592","No","Yes"
"1593","Yes","No"
"1594","No","No"
"1595","Yes","No"
"1596","No","No"
"1597","No","No"
"1598","No","No"
"1599","No","Yes"
"1600","No","No"
"1601","Yes","Yes"
"1602","No","No"
"1603","Yes","Yes"
"1604","No","No"
"1605","No","Yes"
"1606","No","No"
"1607","Yes","No"
"1608","Yes","No"
"1609","No","No"
"1610","No","No"
"1611","Yes","Yes"
"1612","No","No"
"1613","No","No"
"1614","No","Yes"
"1615","No","No"
"1616","No","No"
"1617","Yes","Yes"
"1618","No","No"
"1619","No","No"
"1620","No","Yes"
"1621","No","No"
"1622","No","No"
"1623","No","No"
"1624","No","No"
"1625","No","No"
"1626","No","No"
"1627","No","No"
"1628","Yes","Yes"
"1629","No","No"
"1630","Yes","Yes"
"1631","No","No"
"1632","No","No"
"1633","No","No"
"1634","No","No"
"1635","No","No"
"1636","No","No"
"1637","No","No"
"1638","Yes","Yes"
"1639","Yes","No"
"1640","No","No"
"1641","Yes","No"
"1642","No","No"
"1643","No","No"
"1644","No","No"
"1645","No","No"
"1646","No","No"
"1647","No","No"
"1648","Yes","No"
"1649","Yes","No"
"1650","No","No"
"1651","Yes","Yes"
"1652","Yes","Yes"
"1653","No","No"
"1654","No","No"
"1655","No","No"
"1656","No","No"
"1657","No","No"
"1658","No","No"
"1659","No","No"
"1660","No","No"
"1661","No","No"
"1662","No","No"
"1663","No","No"
"1664","Yes","No"
"1665","No","No"
"1666","Yes","Yes"
"1667","No","No"
"1668","No","No"
"1669","No","No"
"1670","No","No"
"1671","No","No"
"1672","No","No"
"1673","Yes","No"
"1674","No","No"
"1675","No","No"
"1676","No","No"
"1677","No","No"
"1678","Yes","No"
"1679","Yes","No"
"1680","No","Yes"
"1681","Yes","No"
"1682","Yes","No"
"1683","No","No"
"1684","Yes","Yes"
"1685","Yes","No"
"1686","No","Yes"
"1687","No","No"
"1688","Yes","Yes"
"1689","No","No"
"1690","No","Yes"
"1691","No","No"
"1692","Yes","Yes"
"1693","No","No"
"1694","No","No"
"1695","Yes","Yes"
"1696","Yes","No"
"1697","No","No"
"1698","No","No"
"1699","No","No"
"1700","No","No"
"1701","No","No"
"1702","Yes","Yes"
"1703","Yes","Yes"
"1704","No","No"
"1705","Yes","No"
"1706","No","No"
"1707","No","No"
"1708","No","No"
"1709","No","No"
"1710","No","No"
"1711","No","No"
"1712","Yes","No"
"1713","No","No"
"1714","No","Yes"
"1715","No","No"
"1716","No","No"
"1717","No","No"
"1718","No","No"
"1719","No","No"
"1720","No","No"
"1721","No","No"
"1722","Yes","No"
"1723","Yes","Yes"
"1724","No","No"
"1725","No","No"
"1726","No","No"
"1727","No","Yes"
"1728","Yes","No"
"1729","No","No"
"1730","Yes","Yes"
"1731","No","No"
"1732","No","No"
"1733","No","No"
"1734","No","No"
"1735","No","No"
"1736","No","No"
"1737","No","No"
"1738","Yes","Yes"
"1739","No","No"
"1740","No","No"
"1741","Yes","No"
"1742","No","No"
"1743","No","No"
"1744","No","No"
"1745","No","No"
"1746","No","No"
"1747","No","No"
"1748","No","No"
"1749","No","No"
"1750","No","No"
"1751","No","No"
"1752","Yes","No"
"1753","No","No"
"1754","Yes","No"
"1755","No","No"
"1756","No","No"
"1757","Yes","Yes"
"1758","No","No"
"1759","No","No"
"1760","No","No"
"1761","No","Yes"
"1762","No","Yes"
"1763","Yes","Yes"
"1764","No","No"
"1765","No","No"
"1766","No","No"
"1767","Yes","Yes"
"1768","No","No"
"1769","Yes","No"
"1770","Yes","Yes"
"1771","No","No"
"1772","Yes","Yes"
"1773","No","No"
"1774","No","No"
"1775","No","No"
"1776","Yes","Yes"
"1777","Yes","No"
"1778","No","No"
"1779","No","No"
"1780","No","No"
"1781","No","No"
"1782","No","No"
"1783","Yes","No"
"1784","No","No"
"1785","Yes","No"
"1786","No","No"
"1787","No","No"
"1788","No","No"
"1789","No","No"
"1790","Yes","Yes"
"1791","No","No"
"1792","Yes","No"
"1793","No","No"
"1794","No","No"
"1795","Yes","No"
"1796","Yes","No"
"1797","No","Yes"
"1798","No","No"
"1799","No","No"
"1800","No","No"
"1801","No","No"
"1802","No","No"
"1803","No","No"
"1804","No","No"
"1805","Yes","Yes"
"1806","No","No"
"1807","No","No"
"1808","No","No"
"1809","No","No"
"1810","No","No"
"1811","No","No"
"1812","Yes","Yes"
"1813","No","No"
"1814","No","No"
"1815","No","No"
"1816","Yes","No"
"1817","Yes","Yes"
"1818","Yes","No"
"1819","No","No"
"1820","No","No"
"1821","Yes","No"
"1822","No","No"
"1823","Yes","No"
"1824","Yes","No"
"1825","No","No"
"1826","No","No"
"1827","No","No"
"1828","No","No"
"1829","No","No"
"1830","Yes","Yes"
"1831","No","No"
"1832","No","No"
"1833","No","Yes"
"1834","No","No"
"1835","No","No"
"1836","No","No"
"1837","No","No"
"1838","No","No"
"1839","No","No"
"1840","No","No"
"1841","No","No"
"1842","Yes","Yes"
"1843","No","No"
"1844","Yes","No"
"1845","No","No"
"1846","No","No"
"1847","No","No"
"1848","Yes","Yes"
"1849","No","No"
"1850","No","No"
"1851","Yes","Yes"
"1852","No","No"
"1853","No","No"
"1854","Yes","Yes"
"1855","No","Yes"
"1856","Yes","No"
"1857","No","No"
"1858","No","No"
"1859","Yes","No"
"1860","No","No"
"1861","No","No"
"1862","No","No"
"1863","No","No"
"1864","No","No"
"1865","No","No"
"1866","Yes","Yes"
"1867","No","No"
"1868","No","No"
"1869","No","No"
"1870","No","No"
"1871","Yes","No"
"1872","Yes","Yes"
"1873","Yes","Yes"
"1874","No","No"
"1875","No","Yes"
"1876","No","No"
"1877","No","No"
"1878","No","No"
"1879","No","No"
"1880","No","No"
"1881","No","No"
"1882","Yes","Yes"
"1883","No","No"
"1884","No","No"
"1885","No","Yes"
"1886","No","No"
"1887","No","No"
"1888","No","No"
"1889","Yes","No"
"1890","No","No"
"1891","No","No"
"1892","No","Yes"
"1893","No","No"
"1894","No","No"
"1895","No","No"
"1896","Yes","No"
"1897","No","No"
"1898","No","No"
"1899","No","No"
"1900","No","No"
"1901","No","No"
"1902","No","No"
"1903","No","No"
"1904","No","No"
"1905","Yes","No"
"1906","Yes","Yes"
"1907","No","No"
"1908","No","No"
"1909","No","No"
"1910","Yes","Yes"
"1911","No","No"
"1912","No","No"
"1913","Yes","No"
"1914","No","Yes"
"1915","No","No"
"1916","No","Yes"
"1917","No","No"
"1918","No","No"
"1919","No","No"
"1920","No","No"
"1921","Yes","Yes"
"1922","No","No"
"1923","No","No"
"1924","No","No"
"1925","Yes","No"
"1926","No","No"
"1927","No","No"
"1928","No","Yes"
"1929","No","No"
"1930","No","No"
"1931","No","No"
"1932","Yes","No"
"1933","No","Yes"
"1934","Yes","No"
"1935","No","No"
"1936","No","No"
"1937","No","No"
"1938","No","No"
"1939","No","No"
"1940","No","No"
"1941","No","No"
"1942","No","No"
"1943","Yes","No"
"1944","No","No"
"1945","No","No"
"1946","Yes","Yes"
"1947","No","No"
"1948","No","No"
"1949","No","No"
"1950","No","No"
"1951","No","No"
"1952","Yes","Yes"
"1953","No","No"
"1954","No","No"
"1955","No","No"
"1956","Yes","Yes"
"1957","No","No"
"1958","No","No"
"1959","No","No"
"1960","Yes","Yes"
"1961","No","No"
"1962","No","No"
"1963","No","No"
"1964","No","No"
"1965","No","No"
"1966","No","No"
"1967","Yes","Yes"
"1968","No","No"
"1969","No","No"
"1970","Yes","No"
"1971","No","No"
"1972","Yes","Yes"
"1973","No","No"
"1974","Yes","No"
"1975","No","No"
"1976","Yes","Yes"
"1977","No","No"
"1978","No","No"
"1979","No","No"
"1980","No","Yes"
"1981","No","No"
"1982","No","Yes"
"1983","Yes","Yes"
"1984","No","No"
"1985","No","Yes"
"1986","Yes","No"
"1987","No","No"
"1988","No","No"
"1989","Yes","Yes"
"1990","Yes","No"
"1991","No","No"
"1992","Yes","No"
"1993","Yes","Yes"
"1994","No","No"
"1995","No","No"
"1996","Yes","Yes"
"1997","No","No"
"1998","Yes","Yes"
"1999","No","No"
"2000","Yes","Yes"
"2001","Yes","Yes"
"2002","No","No"
"2003","Yes","Yes"
"2004","No","Yes"
"2005","No","No"
"2006","No","No"
"2007","No","No"
"2008","No","No"
"2009","No","No"
"2010","No","No"
"2011","No","No"
"2012","No","No"
"2013","No","No"
"2014","Yes","Yes"
"2015","Yes","No"
"2016","No","No"
"2017","No","No"
"2018","No","No"
"2019","Yes","Yes"
"2020","No","No"
"2021","No","Yes"
"2022","No","No"
"2023","No","No"
"2024","No","No"
"2025","No","No"
"2026","Yes","Yes"
"2027","No","No"
"2028","No","No"
"2029","Yes","Yes"
"2030","No","No"
"2031","Yes","No"
"2032","No","No"
"2033","No","No"
"2034","Yes","Yes"
"2035","No","No"
"2036","Yes","No"
"2037","No","No"
"2038","Yes","Yes"
"2039","Yes","No"
"2040","No","Yes"
"2041","No","No"
"2042","No","No"
"2043","No","No"
"2044","No","No"
"2045","No","No"
"2046","No","No"
"2047","No","No"
"2048","Yes","Yes"
"2049","No","Yes"
"2050","No","No"
"2051","No","No"
"2052","No","No"
"2053","Yes","No"
"2054","No","No"
"2055","No","No"
"2056","No","No"
"2057","No","Yes"
"2058","No","No"
"2059","Yes","Yes"
"2060","No","No"
"2061","No","No"
"2062","No","No"
"2063","Yes","No"
"2064","Yes","Yes"
"2065","No","No"
"2066","No","No"
"2067","No","No"
"2068","No","No"
"2069","No","No"
"2070","No","No"
"2071","No","Yes"
"2072","Yes","Yes"
"2073","No","No"
"2074","No","No"
"2075","No","No"
"2076","No","No"
"2077","Yes","No"
"2078","No","No"
"2079","Yes","No"
"2080","Yes","No"
"2081","No","No"
"2082","No","No"
"2083","No","No"
"2084","No","No"
"2085","Yes","Yes"
"2086","No","No"
"2087","No","No"
"2088","Yes","No"
"2089","No","No"
"2090","No","No"
"2091","No","No"
"2092","No","No"
"2093","No","No"
"2094","Yes","Yes"
"2095","No","No"
"2096","Yes","No"
"2097","No","Yes"
"2098","No","No"
"2099","No","No"
"2100","No","Yes"
"2101","Yes","Yes"
"2102","No","Yes"
"2103","Yes","Yes"
"2104","No","Yes"
"2105","No","Yes"
"2106","No","No"
"2107","No","No"
"2108","No","No"
"2109","Yes","No"
"2110","No","No"
"2111","No","No"
"2112","No","No"
"2113","No","No"
"2114","No","No"
"2115","No","No"
"2116","No","No"
"2117","No","No"
"2118","No","No"
"2119","No","No"
"2120","No","No"
"2121","No","Yes"
"2122","Yes","No"
"2123","No","No"
"2124","No","No"
"2125","Yes","Yes"
"2126","No","No"
"2127","No","No"
"2128","Yes","Yes"
"2129","No","No"
"2130","No","No"
"2131","No","Yes"
"2132","No","No"
"2133","No","Yes"
"2134","No","No"
"2135","No","No"
"2136","No","No"
"2137","No","No"
"2138","No","No"
"2139","Yes","No"
"2140","No","No"
"2141","Yes","Yes"
"2142","Yes","No"
"2143","No","No"
"2144","No","No"
"2145","No","No"
"2146","Yes","Yes"
"2147","No","No"
"2148","No","No"
"2149","Yes","Yes"
"2150","Yes","Yes"
"2151","No","No"
"2152","Yes","No"
"2153","No","No"
"2154","No","No"
"2155","No","No"
"2156","No","No"
"2157","No","No"
"2158","No","No"
"2159","No","Yes"
"2160","No","No"
"2161","No","No"
"2162","No","Yes"
"2163","Yes","Yes"
"2164","No","No"
"2165","No","Yes"
"2166","No","No"
"2167","No","No"
"2168","No","No"
"2169","Yes","Yes"
"2170","Yes","Yes"
"2171","No","No"
"2172","No","No"
"2173","Yes","Yes"
"2174","No","Yes"
"2175","No","No"
"2176","Yes","No"
"2177","No","No"
"2178","No","No"
"2179","Yes","No"
"2180","No","No"
"2181","No","No"
"2182","Yes","Yes"
"2183","No","No"
"2184","No","No"
"2185","Yes","Yes"
"2186","No","No"
"2187","No","No"
"2188","Yes","No"
"2189","No","No"
"2190","Yes","Yes"
"2191","No","Yes"
"2192","Yes","No"
"2193","No","No"
"2194","No","No"
"2195","No","No"
"2196","No","No"
"2197","No","No"
"2198","No","No"
"2199","No","No"
"2200","No","No"
"2201","Yes","Yes"
"2202","No","No"
"2203","Yes","Yes"
"2204","No","No"
"2205","No","No"
"2206","No","No"
"2207","Yes","No"
"2208","Yes","No"
"2209","No","No"
"2210","Yes","No"
"2211","No","No"
"2212","No","No"
"2213","Yes","Yes"
"2214","No","No"
"2215","No","No"
"2216","Yes","No"
"2217","No","No"
"2218","No","No"
"2219","No","Yes"
"2220","No","No"
"2221","No","No"
"2222","No","No"
"2223","Yes","Yes"
"2224","No","No"
"2225","No","No"
"2226","Yes","No"
"2227","No","No"
"2228","No","No"
"2229","No","No"
"2230","No","No"
"2231","Yes","Yes"
"2232","No","No"
"2233","Yes","Yes"
"2234","No","No"
"2235","No","No"
"2236","No","Yes"
"2237","No","No"
"2238","Yes","No"
"2239","No","No"
"2240","No","Yes"
"2241","No","No"
"2242","No","No"
"2243","Yes","No"
"2244","No","No"
"2245","No","No"
"2246","No","No"
"2247","No","No"
"2248","No","No"
"2249","Yes","No"
"2250","No","No"
"2251","No","No"
"2252","No","No"
"2253","No","No"
"2254","Yes","No"
"2255","No","No"
"2256","No","No"
"2257","No","No"
"2258","No","No"
"2259","No","No"
"2260","No","No"
"2261","Yes","Yes"
"2262","No","No"
"2263","No","No"
"2264","No","No"
"2265","Yes","No"
"2266","Yes","Yes"
"2267","Yes","No"
"2268","No","No"
"2269","No","No"
"2270","No","No"
"2271","No","No"
"2272","No","No"
"2273","No","No"
"2274","Yes","No"
"2275","No","No"
"2276","No","No"
"2277","No","No"
"2278","No","No"
"2279","Yes","No"
"2280","No","No"
"2281","No","No"
"2282","No","No"
"2283","Yes","Yes"
"2284","No","No"
"2285","No","No"
"2286","No","No"
"2287","No","No"
"2288","No","No"
"2289","No","No"
"2290","No","No"
"2291","No","No"
"2292","No","No"
"2293","No","No"
"2294","Yes","No"
"2295","No","Yes"
"2296","No","No"
"2297","No","No"
"2298","No","No"
"2299","No","No"
"2300","No","No"
"2301","No","No"
"2302","No","No"
"2303","No","No"
"2304","No","Yes"
"2305","No","Yes"
"2306","No","No"
"2307","No","No"
"2308","No","No"
"2309","No","No"
"2310","No","No"
"2311","No","No"
"2312","No","No"
"2313","No","No"
"2314","No","No"
"2315","No","No"
"2316","Yes","Yes"
"2317","No","No"
"2318","No","No"
"2319","Yes","Yes"
"2320","Yes","Yes"
"2321","No","No"
"2322","No","No"
"2323","Yes","No"
"2324","Yes","No"
"2325","No","No"
"2326","No","No"
"2327","No","No"
"2328","No","No"
"2329","No","No"
"2330","No","No"
"2331","Yes","No"
"2332","No","No"
"2333","No","No"
"2334","No","No"
"2335","Yes","No"
"2336","No","No"
"2337","No","No"
"2338","No","No"
"2339","Yes","Yes"
"2340","No","No"
"2341","Yes","No"
"2342","No","No"
"2343","Yes","Yes"
"2344","No","No"
"2345","No","No"
"2346","No","No"
"2347","Yes","No"
"2348","No","No"
"2349","No","No"
"2350","No","No"
"2351","No","No"
"2352","No","No"
"2353","Yes","No"
"2354","No","No"
"2355","Yes","Yes"
"2356","No","No"
"2357","No","No"
"2358","No","No"
"2359","Yes","No"
"2360","No","Yes"
"2361","No","No"
"2362","No","Yes"
"2363","No","No"
"2364","No","No"
"2365","No","No"
"2366","Yes","Yes"
"2367","Yes","No"
"2368","No","No"
"2369","No","No"
"2370","No","No"
"2371","No","No"
"2372","Yes","Yes"
"2373","No","Yes"
"2374","No","No"
"2375","No","No"
"2376","No","No"
"2377","No","No"
"2378","No","No"
"2379","No","No"
"2380","No","No"
"2381","No","No"
"2382","No","No"
"2383","Yes","Yes"
"2384","No","No"
"2385","Yes","No"
"2386","Yes","No"
"2387","No","No"
"2388","No","No"
"2389","No","No"
"2390","Yes","Yes"
"2391","No","Yes"
"2392","No","No"
"2393","No","No"
"2394","Yes","Yes"
"2395","Yes","Yes"
"2396","Yes","Yes"
"2397","No","No"
"2398","No","No"
"2399","No","No"
"2400","No","No"
"2401","No","No"
"2402","No","No"
"2403","No","No"
"2404","No","No"
"2405","Yes","No"
"2406","No","No"
"2407","No","No"
"2408","No","No"
"2409","Yes","Yes"
"2410","No","No"
"2411","No","No"
"2412","No","No"
"2413","No","No"
"2414","No","No"
"2415","No","No"
"2416","No","No"
"2417","Yes","No"
"2418","Yes","Yes"
"2419","No","No"
"2420","Yes","No"
"2421","No","No"
"2422","Yes","Yes"
"2423","No","No"
"2424","No","No"
"2425","Yes","Yes"
"2426","No","No"
"2427","No","No"
"2428","No","No"
"2429","Yes","Yes"
"2430","No","No"
"2431","No","No"
"2432","No","No"
"2433","No","No"
"2434","No","No"
"2435","Yes","Yes"
"2436","No","No"
"2437","No","No"
"2438","Yes","No"
"2439","No","No"
"2440","No","No"
"2441","No","No"
"2442","No","No"
"2443","No","No"
"2444","No","No"
"2445","Yes","No"
"2446","Yes","Yes"
"2447","No","No"
"2448","No","No"
"2449","No","No"
"2450","No","No"
"2451","No","No"
"2452","No","No"
"2453","No","Yes"
"2454","Yes","Yes"
"2455","No","No"
"2456","No","No"
"2457","No","No"
"2458","No","No"
"2459","Yes","Yes"
"2460","No","No"
"2461","No","No"
"2462","No","No"
"2463","No","No"
"2464","Yes","No"
"2465","Yes","Yes"
"2466","No","No"
"2467","No","No"
"2468","No","Yes"
"2469","No","No"
"2470","Yes","Yes"
"2471","Yes","No"
"2472","No","No"
"2473","Yes","Yes"
"2474","No","No"
"2475","No","No"
"2476","No","No"
"2477","Yes","Yes"
"2478","No","No"
"2479","No","No"
"2480","Yes","Yes"
"2481","No","No"
"2482","No","No"
"2483","Yes","No"
"2484","No","No"
"2485","No","No"
"2486","No","No"
"2487","Yes","Yes"
"2488","Yes","Yes"
"2489","No","No"
"2490","Yes","No"
"2491","No","No"
"2492","No","No"
"2493","No","No"
"2494","No","No"
"2495","No","No"
"2496","No","No"
"2497","No","No"
"2498","Yes","No"
"2499","Yes","No"
"2500","Yes","No"
"2501","No","No"
"2502","No","No"
"2503","No","Yes"
"2504","Yes","Yes"
"2505","No","No"
"2506","No","No"
"2507","No","Yes"
"2508","No","No"
"2509","No","No"
"2510","Yes","No"
"2511","Yes","No"
"2512","No","No"
"2513","No","No"
"2514","Yes","No"
"2515","No","Yes"
"2516","Yes","No"
"2517","No","No"
"2518","No","No"
"2519","No","No"
"2520","Yes","Yes"
"2521","Yes","Yes"
"2522","No","No"
"2523","Yes","Yes"
"2524","No","No"
"2525","No","No"
"2526","No","No"
"2527","No","No"
"2528","Yes","No"
"2529","No","Yes"
"2530","No","No"
"2531","No","No"
"2532","No","No"
"2533","No","No"
"2534","No","No"
"2535","No","No"
"2536","No","No"
"2537","No","Yes"
"2538","No","No"
"2539","No","No"
"2540","No","No"
"2541","Yes","Yes"
"2542","No","No"
"2543","Yes","No"
"2544","Yes","Yes"
"2545","No","No"
"2546","No","No"
"2547","No","No"
"2548","No","No"
"2549","Yes","Yes"
"2550","No","No"
"2551","No","No"
"2552","No","No"
"2553","Yes","Yes"
"2554","No","No"
"2555","No","Yes"
"2556","No","No"
"2557","No","Yes"
"2558","No","No"
"2559","No","No"
"2560","No","Yes"
"2561","No","No"
"2562","No","No"
"2563","No","No"
"2564","Yes","Yes"
"2565","No","No"
"2566","No","No"
"2567","No","No"
"2568","No","No"
"2569","No","No"
"2570","Yes","No"
"2571","No","No"
"2572","No","No"
"2573","No","Yes"
"2574","No","No"
"2575","No","No"
"2576","No","No"
"2577","No","No"
"2578","No","No"
"2579","No","No"
"2580","Yes","Yes"
"2581","Yes","Yes"
"2582","No","Yes"
"2583","No","No"
"2584","Yes","Yes"
"2585","No","No"
"2586","Yes","No"
"2587","No","No"
"2588","No","No"
"2589","No","No"
"2590","No","Yes"
"2591","No","No"
"2592","No","No"
"2593","No","No"
"2594","Yes","Yes"
"2595","No","No"
"2596","Yes","No"
"2597","No","No"
"2598","Yes","No"
"2599","No","No"
"2600","No","No"
"2601","Yes","No"
"2602","No","No"
"2603","Yes","Yes"
"2604","No","No"
"2605","No","No"
"2606","No","No"
"2607","Yes","Yes"
"2608","No","Yes"
"2609","No","No"
"2610","No","No"
"2611","No","No"
"2612","No","No"
"2613","No","No"
"2614","No","No"
"2615","Yes","Yes"
"2616","No","No"
"2617","No","No"
"2618","No","No"
"2619","No","No"
"2620","Yes","No"
"2621","Yes","Yes"
"2622","No","No"
"2623","No","No"
"2624","Yes","Yes"
"2625","No","No"
"2626","No","No"
"2627","Yes","Yes"
"2628","No","No"
"2629","Yes","No"
"2630","Yes","No"
"2631","No","Yes"
"2632","No","Yes"
"2633","No","No"
"2634","No","No"
"2635","No","No"
"2636","No","No"
"2637","No","No"
"2638","No","Yes"
"2639","Yes","Yes"
"2640","No","No"
"2641","No","No"
"2642","No","No"
"2643","No","No"
"2644","No","No"
"2645","No","No"
"2646","No","No"
"2647","Yes","Yes"
"2648","No","No"
"2649","Yes","Yes"
"2650","No","No"
"2651","Yes","No"
"2652","No","No"
"2653","No","No"
"2654","No","No"
"2655","No","No"
"2656","No","No"
"2657","No","No"
"2658","No","No"
"2659","No","No"
"2660","Yes","No"
"2661","Yes","Yes"
"2662","No","No"
"2663","No","No"
"2664","No","No"
"2665","Yes","Yes"
"2666","Yes","Yes"
"2667","No","No"
"2668","No","No"
"2669","Yes","Yes"
"2670","No","No"
"2671","No","No"
"2672","No","No"
"2673","No","No"
"2674","Yes","Yes"
"2675","No","No"
"2676","No","No"
"2677","No","No"
"2678","No","No"
"2679","No","No"
"2680","No","No"
"2681","No","No"
"2682","No","No"
"2683","No","No"
"2684","No","No"
"2685","Yes","Yes"
"2686","No","No"
"2687","No","No"
"2688","No","No"
"2689","Yes","No"
"2690","No","No"
"2691","No","No"
"2692","No","No"
"2693","No","No"
"2694","Yes","Yes"
"2695","No","Yes"
"2696","Yes","No"
"2697","No","No"
"2698","No","No"
"2699","No","No"
"2700","No","No"
"2701","No","No"
"2702","No","No"
"2703","Yes","Yes"
"2704","No","No"
"2705","No","No"
"2706","No","No"
"2707","No","No"
"2708","Yes","Yes"
"2709","Yes","Yes"
"2710","Yes","No"
"2711","Yes","Yes"
"2712","No","No"
"2713","Yes","No"
"2714","No","No"
"2715","Yes","No"
"2716","No","No"
"2717","Yes","Yes"
"2718","No","No"
"2719","No","No"
"2720","No","No"
"2721","No","No"
"2722","Yes","No"
"2723","No","No"
"2724","No","No"
"2725","No","No"
"2726","No","No"
"2727","No","No"
"2728","No","No"
"2729","Yes","Yes"
"2730","No","No"
"2731","Yes","No"
"2732","No","No"
"2733","No","No"
"2734","No","No"
"2735","Yes","Yes"
"2736","Yes","No"
"2737","No","No"
"2738","No","Yes"
"2739","No","No"
"2740","Yes","Yes"
"2741","Yes","No"
"2742","Yes","Yes"
"2743","No","No"
"2744","No","No"
"2745","Yes","No"
"2746","No","No"
"2747","Yes","No"
"2748","No","No"
"2749","No","No"
"2750","No","No"
"2751","No","No"
"2752","No","No"
"2753","No","No"
"2754","No","No"
"2755","Yes","Yes"
"2756","No","No"
"2757","Yes","Yes"
"2758","No","Yes"
"2759","No","No"
"2760","No","Yes"
"2761","Yes","No"
"2762","No","No"
"2763","No","Yes"
"2764","No","No"
"2765","No","No"
"2766","No","No"
"2767","No","No"
"2768","No","No"
"2769","Yes","Yes"
"2770","No","No"
"2771","No","No"
"2772","No","No"
"2773","No","No"
"2774","No","No"
"2775","No","No"
"2776","No","No"
"2777","Yes","No"
"2778","Yes","No"
"2779","No","No"
"2780","No","No"
"2781","No","No"
"2782","No","No"
"2783","No","No"
"2784","Yes","Yes"
"2785","Yes","Yes"
"2786","No","No"
"2787","Yes","No"
"2788","Yes","No"
"2789","No","No"
"2790","No","No"
"2791","No","Yes"
"2792","No","No"
"2793","No","No"
"2794","Yes","No"
"2795","Yes","No"
"2796","No","No"
"2797","No","No"
"2798","No","No"
"2799","No","No"
"2800","No","No"
"2801","Yes","No"
"2802","Yes","Yes"
"2803","No","No"
"2804","No","No"
"2805","No","No"
"2806","Yes","Yes"
"2807","No","No"
"2808","No","No"
"2809","No","No"
"2810","No","No"
"2811","Yes","Yes"
"2812","No","No"
"2813","No","No"
"2814","No","No"
"2815","No","No"
"2816","No","No"
"2817","No","No"
"2818","No","Yes"
"2819","No","No"
"2820","Yes","No"
"2821","No","No"
"2822","No","No"
"2823","No","No"
"2824","No","No"
"2825","No","Yes"
"2826","No","No"
"2827","No","No"
"2828","No","No"
"2829","Yes","Yes"
"2830","Yes","Yes"
"2831","Yes","No"
"2832","No","No"
"2833","Yes","No"
"2834","No","No"
"2835","No","Yes"
"2836","Yes","No"
"2837","No","No"
"2838","No","No"
"2839","No","No"
"2840","No","Yes"
"2841","No","No"
"2842","Yes","No"
"2843","No","No"
"2844","No","No"
"2845","No","No"
"2846","No","No"
"2847","No","No"
"2848","No","No"
"2849","No","No"
"2850","No","No"
"2851","No","No"
"2852","No","No"
"2853","Yes","No"
"2854","Yes","No"
"2855","No","No"
"2856","No","No"
"2857","No","No"
"2858","No","No"
"2859","No","No"
"2860","No","No"
"2861","No","No"
"2862","No","No"
"2863","Yes","No"
"2864","No","No"
"2865","No","No"
"2866","No","Yes"
"2867","Yes","No"
"2868","Yes","No"
"2869","No","No"
"2870","No","No"
"2871","No","No"
"2872","No","No"
"2873","No","Yes"
"2874","No","No"
"2875","No","No"
"2876","No","No"
"2877","Yes","No"
"2878","Yes","No"
"2879","Yes","No"
"2880","No","Yes"
"2881","No","No"
"2882","No","No"
"2883","No","No"
"2884","No","No"
"2885","No","No"
"2886","No","No"
"2887","Yes","No"
"2888","No","No"
"2889","No","No"
"2890","No","Yes"
"2891","No","No"
"2892","No","No"
"2893","Yes","No"
"2894","No","No"
"2895","Yes","No"
"2896","No","No"
"2897","No","Yes"
"2898","No","No"
"2899","No","No"
"2900","Yes","Yes"
"2901","No","No"
"2902","No","Yes"
"2903","No","No"
"2904","No","No"
"2905","No","No"
"2906","Yes","No"
"2907","No","No"
"2908","No","No"
"2909","No","No"
"2910","Yes","No"
"2911","No","No"
"2912","No","Yes"
"2913","Yes","Yes"
"2914","No","No"
"2915","No","No"
"2916","No","No"
"2917","No","No"
"2918","Yes","No"
"2919","No","No"
"2920","No","No"
"2921","Yes","Yes"
"2922","No","No"
"2923","Yes","No"
"2924","Yes","Yes"
"2925","No","No"
"2926","No","Yes"
"2927","No","No"
"2928","No","No"
"2929","No","No"
"2930","No","No"
"2931","No","No"
"2932","Yes","No"
"2933","Yes","Yes"
"2934","Yes","No"
"2935","No","No"
"2936","Yes","No"
"2937","No","No"
"2938","No","No"
"2939","No","No"
"2940","Yes","Yes"
"2941","No","No"
"2942","No","No"
"2943","No","No"
"2944","No","No"
"2945","No","No"
"2946","No","No"
"2947","Yes","No"
"2948","No","No"
"2949","No","No"
"2950","No","No"
"2951","No","No"
"2952","Yes","Yes"
"2953","No","No"
"2954","No","No"
"2955","No","No"
"2956","No","No"
"2957","No","No"
"2958","Yes","No"
"2959","No","No"
"2960","Yes","Yes"
"2961","No","No"
"2962","No","No"
"2963","No","No"
"2964","Yes","Yes"
"2965","No","No"
"2966","No","No"
"2967","No","No"
"2968","No","No"
"2969","No","No"
"2970","Yes","No"
"2971","Yes","No"
"2972","Yes","No"
"2973","No","No"
"2974","Yes","No"
"2975","Yes","Yes"
"2976","No","No"
"2977","No","Yes"
"2978","No","No"
"2979","No","Yes"
"2980","Yes","Yes"
"2981","No","No"
"2982","Yes","Yes"
"2983","No","No"
"2984","No","No"
"2985","No","No"
"2986","Yes","No"
"2987","No","Yes"
"2988","No","No"
"2989","No","No"
"2990","Yes","No"
"2991","No","Yes"
"2992","No","No"
"2993","No","No"
"2994","No","No"
"2995","Yes","No"
"2996","No","No"
"2997","Yes","No"
"2998","No","No"
"2999","No","No"
"3000","No","No"
"3001","No","No"
"3002","No","No"
"3003","No","No"
"3004","No","No"
"3005","Yes","No"
"3006","No","No"
"3007","No","No"
"3008","Yes","No"
"3009","No","No"
"3010","No","No"
"3011","No","No"
"3012","No","No"
"3013","No","No"
"3014","No","No"
"3015","No","No"
"3016","Yes","Yes"
"3017","No","No"
"3018","No","No"
"3019","Yes","Yes"
"3020","No","Yes"
"3021","No","No"
"3022","No","No"
"3023","Yes","No"
"3024","No","Yes"
"3025","No","No"
"3026","No","No"
"3027","Yes","Yes"
"3028","Yes","No"
"3029","No","Yes"
"3030","No","No"
"3031","No","No"
"3032","No","No"
"3033","Yes","No"
"3034","Yes","No"
"3035","Yes","Yes"
"3036","No","No"
"3037","Yes","No"
"3038","No","No"
"3039","No","No"
"3040","No","No"
"3041","No","No"
"3042","No","No"
"3043","No","No"
"3044","No","No"
"3045","No","No"
"3046","Yes","Yes"
"3047","No","No"
"3048","Yes","Yes"
"3049","No","No"
"3050","No","No"
"3051","No","No"
"3052","Yes","Yes"
"3053","No","No"
"3054","No","No"
"3055","No","No"
"3056","Yes","No"
"3057","No","No"
"3058","No","No"
"3059","Yes","No"
"3060","No","No"
"3061","Yes","Yes"
"3062","No","Yes"
"3063","No","No"
"3064","No","No"
"3065","Yes","No"
"3066","No","No"
"3067","Yes","No"
"3068","Yes","No"
"3069","No","No"
"3070","Yes","No"
"3071","No","No"
"3072","Yes","No"
"3073","No","No"
"3074","No","No"
"3075","No","No"
"3076","Yes","Yes"
"3077","No","No"
"3078","No","No"
"3079","No","No"
"3080","No","No"
"3081","No","No"
"3082","No","No"
"3083","No","No"
"3084","Yes","Yes"
"3085","No","No"
"3086","No","Yes"
"3087","No","No"
"3088","No","No"
"3089","No","No"
"3090","No","No"
"3091","No","No"
"3092","Yes","No"
"3093","No","No"
"3094","No","No"
"3095","Yes","No"
"3096","No","No"
"3097","Yes","No"
"3098","No","No"
"3099","Yes","Yes"
"3100","Yes","Yes"
"3101","Yes","No"
"3102","Yes","No"
"3103","Yes","No"
"3104","No","No"
"3105","No","No"
"3106","Yes","No"
"3107","Yes","No"
"3108","No","No"
"3109","No","Yes"
"3110","No","No"
"3111","Yes","No"
"3112","No","No"
"3113","No","No"
"3114","Yes","Yes"
"3115","Yes","Yes"
"3116","No","Yes"
"3117","No","Yes"
"3118","No","No"
"3119","No","No"
"3120","No","No"
"3121","No","No"
"3122","No","No"
"3123","No","No"
"3124","No","No"
"3125","No","No"
"3126","Yes","Yes"
"3127","No","No"
"3128","No","No"
"3129","No","No"
"3130","No","No"
"3131","No","No"
"3132","Yes","Yes"
"3133","No","No"
"3134","Yes","Yes"
"3135","No","No"
"3136","No","No"
"3137","No","No"
"3138","No","No"
"3139","No","No"
"3140","No","No"
"3141","No","Yes"
"3142","No","No"
"3143","Yes","Yes"
"3144","No","No"
"3145","No","No"
"3146","No","No"
"3147","No","No"
"3148","No","No"
"3149","No","No"
"3150","Yes","No"
"3151","No","No"
"3152","No","Yes"
"3153","No","No"
"3154","Yes","No"
"3155","No","No"
"3156","No","No"
"3157","No","No"
"3158","No","No"
"3159","No","No"
"3160","No","Yes"
"3161","Yes","No"
"3162","No","No"
"3163","Yes","Yes"
"3164","Yes","No"
"3165","No","No"
"3166","No","No"
"3167","No","No"
"3168","No","No"
"3169","No","No"
"3170","Yes","No"
"3171","No","No"
"3172","No","No"
"3173","Yes","Yes"
"3174","No","No"
"3175","Yes","No"
"3176","No","No"
"3177","Yes","Yes"
"3178","No","No"
"3179","Yes","Yes"
"3180","No","No"
"3181","No","No"
"3182","No","No"
"3183","No","No"
"3184","No","No"
"3185","Yes","No"
"3186","No","Yes"
"3187","Yes","No"
"3188","No","No"
"3189","No","No"
"3190","Yes","Yes"
"3191","No","Yes"
"3192","Yes","Yes"
"3193","Yes","No"
"3194","No","No"
"3195","No","No"
"3196","Yes","Yes"
"3197","No","No"
"3198","Yes","No"
"3199","No","No"
"3200","Yes","No"
"3201","No","No"
"3202","No","No"
"3203","Yes","Yes"
"3204","No","No"
"3205","No","No"
"3206","No","No"
"3207","No","Yes"
"3208","No","No"
"3209","No","No"
"3210","Yes","Yes"
"3211","No","No"
"3212","No","Yes"
"3213","No","No"
"3214","No","No"
"3215","No","No"
"3216","No","No"
"3217","No","No"
"3218","Yes","No"
"3219","No","No"
"3220","No","No"
"3221","No","No"
"3222","Yes","No"
"3223","Yes","No"
"3224","Yes","No"
"3225","No","No"
"3226","No","Yes"
"3227","No","No"
"3228","No","Yes"
"3229","No","No"
"3230","No","No"
"3231","No","Yes"
"3232","No","Yes"
"3233","Yes","No"
"3234","Yes","Yes"
"3235","No","No"
"3236","No","No"
"3237","Yes","Yes"
"3238","No","Yes"
"3239","No","No"
"3240","No","No"
"3241","No","No"
"3242","No","Yes"
"3243","No","No"
"3244","Yes","Yes"
"3245","No","No"
"3246","Yes","Yes"
"3247","No","No"
"3248","No","No"
"3249","Yes","No"
"3250","No","No"
"3251","No","No"
"3252","No","No"
"3253","Yes","No"
"3254","No","No"
"3255","No","No"
"3256","No","No"
"3257","No","No"
"3258","No","No"
"3259","No","No"
"3260","No","No"
"3261","No","No"
"3262","No","Yes"
"3263","No","No"
"3264","No","No"
"3265","No","No"
"3266","No","No"
"3267","No","No"
"3268","No","No"
"3269","No","Yes"
"3270","No","No"
"3271","Yes","Yes"
"3272","No","No"
"3273","Yes","No"
"3274","Yes","No"
"3275","Yes","No"
"3276","No","No"
"3277","No","No"
"3278","No","No"
"3279","No","No"
"3280","No","No"
"3281","No","No"
"3282","No","No"
"3283","No","No"
"3284","No","No"
"3285","No","No"
"3286","Yes","Yes"
"3287","Yes","No"
"3288","No","No"
"3289","No","Yes"
"3290","No","No"
"3291","Yes","Yes"
"3292","Yes","No"
"3293","No","No"
"3294","No","No"
"3295","No","No"
"3296","No","Yes"
"3297","Yes","Yes"
"3298","Yes","Yes"
"3299","No","No"
"3300","No","No"
"3301","No","Yes"
"3302","No","No"
"3303","No","No"
"3304","Yes","No"
"3305","No","No"
"3306","No","No"
"3307","No","No"
"3308","No","No"
"3309","No","No"
"3310","No","No"
"3311","No","No"
"3312","No","No"
"3313","No","No"
"3314","Yes","No"
"3315","Yes","No"
"3316","No","No"
"3317","No","No"
"3318","No","No"
"3319","No","No"
"3320","Yes","Yes"
"3321","Yes","Yes"
"3322","No","No"
"3323","No","No"
"3324","Yes","No"
"3325","Yes","No"
"3326","No","No"
"3327","No","No"
"3328","No","No"
"3329","Yes","Yes"
"3330","No","No"
"3331","No","No"
"3332","Yes","No"
"3333","No","No"
"3334","Yes","Yes"
"3335","No","No"
"3336","Yes","Yes"
"3337","No","No"
"3338","Yes","No"
"3339","No","No"
"3340","No","No"
"3341","No","No"
"3342","Yes","Yes"
"3343","Yes","No"
"3344","Yes","No"
"3345","No","No"
"3346","Yes","No"
"3347","No","No"
"3348","No","No"
"3349","No","No"
"3350","Yes","Yes"
"3351","No","No"
"3352","No","No"
"3353","Yes","Yes"
"3354","Yes","No"
"3355","No","No"
"3356","No","No"
"3357","No","No"
"3358","Yes","No"
"3359","No","No"
"3360","No","No"
"3361","No","No"
"3362","No","No"
"3363","No","No"
"3364","Yes","Yes"
"3365","Yes","Yes"
"3366","No","No"
"3367","Yes","Yes"
"3368","No","No"
"3369","No","No"
"3370","No","No"
"3371","No","No"
"3372","No","No"
"3373","No","No"
"3374","No","No"
"3375","Yes","No"
"3376","No","No"
"3377","Yes","Yes"
"3378","Yes","No"
"3379","No","Yes"
"3380","Yes","No"
"3381","Yes","Yes"
"3382","No","No"
"3383","No","No"
"3384","No","No"
"3385","No","No"
"3386","Yes","Yes"
"3387","Yes","Yes"
"3388","No","No"
"3389","No","No"
"3390","No","Yes"
"3391","No","No"
"3392","Yes","No"
"3393","No","No"
"3394","Yes","No"
"3395","No","No"
"3396","No","Yes"
"3397","Yes","No"
"3398","No","No"
"3399","No","No"
"3400","No","No"
"3401","No","No"
"3402","No","No"
"3403","Yes","No"
"3404","No","No"
"3405","No","Yes"
"3406","No","No"
"3407","Yes","Yes"
"3408","No","No"
"3409","No","No"
"3410","Yes","Yes"
"3411","No","No"
"3412","Yes","No"
"3413","No","No"
"3414","No","No"
"3415","No","No"
"3416","No","No"
"3417","No","No"
"3418","No","No"
"3419","No","No"
"3420","No","No"
"3421","No","Yes"
"3422","No","No"
"3423","No","No"
"3424","No","No"
"3425","Yes","No"
"3426","Yes","No"
"3427","No","No"
"3428","No","No"
"3429","No","No"
"3430","Yes","No"
"3431","No","No"
"3432","No","No"
"3433","No","No"
"3434","No","No"
"3435","Yes","No"
"3436","No","No"
"3437","No","Yes"
"3438","No","No"
"3439","No","No"
"3440","Yes","Yes"
"3441","No","No"
"3442","No","Yes"
"3443","Yes","Yes"
"3444","Yes","Yes"
"3445","No","No"
"3446","No","No"
"3447","Yes","Yes"
"3448","No","No"
"3449","No","No"
"3450","No","No"
"3451","No","No"
"3452","Yes","No"
"3453","No","No"
"3454","No","No"
"3455","No","No"
"3456","No","No"
"3457","No","No"
"3458","Yes","Yes"
"3459","Yes","No"
"3460","Yes","No"
"3461","No","No"
"3462","Yes","No"
"3463","Yes","Yes"
"3464","No","No"
"3465","No","No"
"3466","Yes","No"
"3467","No","No"
"3468","No","No"
"3469","No","No"
"3470","No","No"
"3471","No","No"
"3472","Yes","No"
"3473","No","No"
"3474","No","No"
"3475","No","No"
"3476","No","No"
"3477","Yes","Yes"
"3478","No","No"
"3479","Yes","No"
"3480","No","No"
"3481","No","No"
"3482","Yes","No"
"3483","No","No"
"3484","Yes","Yes"
"3485","No","Yes"
"3486","No","No"
"3487","No","No"
"3488","No","No"
"3489","No","No"
"3490","No","Yes"
"3491","No","No"
"3492","No","No"
"3493","Yes","Yes"
"3494","No","No"
"3495","No","No"
"3496","No","No"
"3497","No","No"
"3498","No","No"
"3499","Yes","Yes"
"3500","No","No"
"3501","No","No"
"3502","Yes","Yes"
"3503","No","No"
"3504","No","No"
"3505","No","No"
"3506","No","No"
"3507","No","No"
"3508","No","No"
"3509","No","No"
"3510","No","No"
"3511","Yes","Yes"
"3512","No","No"
"3513","No","No"
"3514","No","No"
"3515","No","No"
"3516","No","No"
"3517","No","No"
"3518","No","No"
"3519","No","No"
"3520","No","No"
"3521","Yes","No"
"3522","No","No"
"3523","No","No"
"3524","No","No"
"3525","No","No"
"3526","No","No"
"3527","Yes","No"
"3528","Yes","No"
"3529","No","No"
"3530","No","No"
"3531","No","Yes"
"3532","No","No"
"3533","No","No"
"3534","No","No"
"3535","No","No"
"3536","No","Yes"
"3537","No","Yes"
"3538","No","No"
"3539","No","No"
"3540","Yes","Yes"
"3541","No","No"
"3542","No","No"
"3543","No","No"
"3544","Yes","Yes"
"3545","No","Yes"
"3546","No","No"
"3547","Yes","Yes"
"3548","No","No"
"3549","Yes","No"
"3550","No","Yes"
"3551","No","No"
"3552","Yes","Yes"
"3553","No","No"
"3554","No","No"
"3555","No","No"
"3556","No","No"
"3557","No","No"
"3558","Yes","Yes"
"3559","No","No"
"3560","Yes","No"
"3561","No","Yes"
"3562","No","Yes"
"3563","Yes","Yes"
"3564","No","No"
"3565","No","No"
"3566","No","No"
"3567","No","No"
"3568","No","No"
"3569","No","Yes"
"3570","No","No"
"3571","No","No"
"3572","Yes","No"
"3573","Yes","No"
"3574","No","No"
"3575","No","No"
"3576","No","No"
"3577","No","No"
"3578","No","No"
"3579","No","No"
"3580","No","No"
"3581","No","No"
"3582","No","No"
"3583","Yes","Yes"
"3584","No","No"
"3585","No","No"
"3586","Yes","No"
"3587","No","No"
"3588","No","No"
"3589","No","No"
"3590","No","No"
"3591","No","Yes"
"3592","Yes","Yes"
"3593","Yes","Yes"
"3594","No","No"
"3595","No","No"
"3596","Yes","Yes"
"3597","No","No"
"3598","No","Yes"
"3599","No","No"
"3600","No","No"
"3601","No","No"
"3602","Yes","No"
"3603","No","No"
"3604","No","No"
"3605","No","No"
"3606","No","No"
"3607","Yes","Yes"
"3608","Yes","Yes"
"3609","Yes","No"
"3610","No","No"
"3611","No","No"
"3612","No","No"
"3613","No","No"
"3614","Yes","Yes"
"3615","Yes","Yes"
"3616","Yes","Yes"
"3617","No","No"
"3618","No","No"
"3619","No","No"
"3620","No","No"
"3621","Yes","Yes"
"3622","Yes","No"
"3623","No","No"
"3624","No","No"
"3625","No","No"
"3626","Yes","Yes"
"3627","No","No"
"3628","Yes","No"
"3629","No","No"
"3630","Yes","No"
"3631","No","Yes"
"3632","No","No"
"3633","No","No"
"3634","Yes","No"
"3635","No","No"
"3636","No","No"
"3637","Yes","No"
"3638","Yes","Yes"
"3639","No","No"
"3640","No","Yes"
"3641","Yes","No"
"3642","No","No"
"3643","Yes","Yes"
"3644","No","No"
"3645","No","Yes"
"3646","Yes","Yes"
"3647","No","No"
"3648","Yes","No"
"3649","No","No"
"3650","No","No"
"3651","No","No"
"3652","No","No"
"3653","No","No"
"3654","No","No"
"3655","Yes","Yes"
"3656","No","No"
"3657","No","No"
"3658","No","No"
"3659","No","Yes"
"3660","No","No"
"3661","No","No"
"3662","Yes","No"
"3663","No","No"
"3664","No","No"
"3665","No","No"
"3666","Yes","No"
"3667","No","No"
"3668","No","No"
"3669","Yes","No"
"3670","No","No"
"3671","No","Yes"
"3672","No","No"
"3673","Yes","No"
"3674","No","No"
"3675","Yes","Yes"
"3676","Yes","No"
"3677","No","No"
"3678","No","No"
"3679","No","No"
"3680","Yes","Yes"
"3681","No","No"
"3682","No","No"
"3683","Yes","No"
"3684","No","No"
"3685","No","No"
"3686","No","No"
"3687","Yes","No"
"3688","Yes","No"
"3689","Yes","No"
"3690","No","No"
"3691","Yes","Yes"
"3692","No","No"
"3693","No","No"
"3694","No","No"
"3695","No","No"
"3696","Yes","Yes"
"3697","No","No"
"3698","No","No"
"3699","No","No"
"3700","No","No"
"3701","No","No"
"3702","Yes","Yes"
"3703","No","No"
"3704","No","No"
"3705","No","No"
"3706","No","No"
"3707","Yes","No"
"3708","Yes","Yes"
"3709","No","No"
"3710","No","No"
"3711","Yes","No"
"3712","Yes","Yes"
"3713","No","No"
"3714","Yes","No"
"3715","No","No"
"3716","No","No"
"3717","No","No"
"3718","No","No"
"3719","Yes","No"
"3720","No","No"
"3721","No","No"
"3722","No","No"
"3723","Yes","No"
"3724","No","No"
"3725","Yes","Yes"
"3726","Yes","No"
"3727","Yes","No"
"3728","No","No"
"3729","No","No"
"3730","No","No"
"3731","No","No"
"3732","No","No"
"3733","No","No"
"3734","No","No"
"3735","No","No"
"3736","No","No"
"3737","No","No"
"3738","No","No"
"3739","No","No"
"3740","No","No"
"3741","No","No"
"3742","No","No"
"3743","No","No"
"3744","Yes","No"
"3745","No","No"
"3746","No","No"
"3747","No","Yes"
"3748","No","Yes"
"3749","No","No"
"3750","No","No"
"3751","Yes","Yes"
"3752","No","Yes"
"3753","No","No"
"3754","No","Yes"
"3755","No","No"
"3756","No","No"
"3757","No","No"
"3758","Yes","No"
"3759","Yes","No"
"3760","No","No"
"3761","Yes","Yes"
"3762","Yes","Yes"
"3763","No","No"
"3764","Yes","No"
"3765","Yes","Yes"
"3766","No","No"
"3767","No","No"
"3768","No","No"
"3769","Yes","Yes"
"3770","No","No"
"3771","No","No"
"3772","No","No"
"3773","No","No"
"3774","No","Yes"
"3775","No","No"
"3776","No","No"
"3777","No","Yes"
"3778","No","No"
"3779","No","No"
"3780","Yes","Yes"
"3781","No","No"
"3782","Yes","No"
"3783","Yes","No"
"3784","No","No"
"3785","Yes","No"
"3786","Yes","Yes"
"3787","No","No"
"3788","No","No"
"3789","Yes","Yes"
"3790","Yes","Yes"
"3791","No","No"
"3792","No","No"
"3793","No","No"
"3794","No","No"
"3795","No","No"
"3796","No","No"
"3797","No","No"
"3798","Yes","No"
"3799","No","No"
"3800","No","No"
"3801","No","No"
"3802","Yes","Yes"
"3803","No","No"
"3804","No","No"
"3805","Yes","No"
"3806","No","No"
"3807","No","No"
"3808","No","No"
"3809","No","No"
"3810","No","No"
"3811","No","No"
"3812","Yes","Yes"
"3813","No","No"
"3814","No","No"
"3815","Yes","No"
"3816","No","No"
"3817","No","No"
"3818","No","No"
"3819","Yes","No"
"3820","No","No"
"3821","No","No"
"3822","No","No"
"3823","No","No"
"3824","No","No"
"3825","Yes","No"
"3826","Yes","No"
"3827","No","No"
"3828","No","No"
"3829","Yes","Yes"
"3830","No","No"
"3831","Yes","No"
"3832","No","No"
"3833","Yes","No"
"3834","No","No"
"3835","Yes","No"
"3836","No","No"
"3837","No","No"
"3838","Yes","Yes"
"3839","No","No"
"3840","No","No"
"3841","No","No"
"3842","No","No"
"3843","No","No"
"3844","Yes","Yes"
"3845","No","No"
"3846","No","No"
"3847","No","No"
"3848","No","No"
"3849","No","No"
"3850","No","No"
"3851","Yes","No"
"3852","No","Yes"
"3853","No","No"
"3854","Yes","No"
"3855","No","No"
"3856","No","Yes"
"3857","No","No"
"3858","No","No"
"3859","No","No"
"3860","No","No"
"3861","Yes","Yes"
"3862","No","No"
"3863","Yes","Yes"
"3864","Yes","No"
"3865","No","No"
"3866","No","Yes"
"3867","No","No"
"3868","No","Yes"
"3869","No","No"
"3870","No","No"
"3871","Yes","Yes"
"3872","Yes","Yes"
"3873","No","No"
"3874","No","No"
"3875","No","No"
"3876","No","No"
"3877","Yes","Yes"
"3878","No","No"
"3879","No","No"
"3880","No","No"
"3881","No","No"
"3882","No","No"
"3883","Yes","No"
"3884","No","No"
"3885","Yes","No"
"3886","No","No"
"3887","No","No"
"3888","No","No"
"3889","No","No"
"3890","No","No"
"3891","Yes","Yes"
"3892","No","No"
"3893","No","No"
"3894","No","No"
"3895","No","No"
"3896","No","No"
"3897","No","No"
"3898","No","No"
"3899","No","No"
"3900","No","No"
"3901","No","No"
"3902","No","No"
"3903","Yes","Yes"
"3904","No","No"
"3905","No","Yes"
"3906","No","No"
"3907","No","No"
"3908","Yes","No"
"3909","No","No"
"3910","Yes","Yes"
"3911","No","No"
"3912","No","No"
"3913","Yes","Yes"
"3914","No","No"
"3915","No","No"
"3916","No","No"
"3917","No","No"
"3918","Yes","No"
"3919","No","No"
"3920","No","No"
"3921","No","Yes"
"3922","No","Yes"
"3923","Yes","Yes"
"3924","No","No"
"3925","No","No"
"3926","No","No"
"3927","Yes","No"
"3928","Yes","No"
"3929","No","No"
"3930","Yes","Yes"
"3931","No","No"
"3932","Yes","No"
"3933","No","No"
"3934","No","No"
"3935","No","No"
"3936","Yes","No"
"3937","No","No"
"3938","No","No"
"3939","Yes","No"
"3940","Yes","Yes"
"3941","No","No"
"3942","No","No"
"3943","Yes","No"
"3944","No","No"
"3945","No","No"
"3946","Yes","No"
"3947","No","No"
"3948","No","No"
"3949","No","No"
"3950","No","No"
"3951","No","No"
"3952","Yes","No"
"3953","No","No"
"3954","No","No"
"3955","Yes","No"
"3956","No","No"
"3957","Yes","No"
"3958","No","No"
"3959","No","No"
"3960","No","No"
"3961","Yes","Yes"
"3962","No","No"
"3963","No","No"
"3964","No","No"
"3965","No","No"
"3966","No","No"
"3967","No","No"
"3968","No","No"
"3969","No","No"
"3970","No","No"
"3971","No","No"
"3972","Yes","No"
"3973","No","No"
"3974","No","Yes"
"3975","No","No"
"3976","No","No"
"3977","No","No"
"3978","Yes","No"
"3979","No","No"
"3980","No","No"
"3981","No","No"
"3982","No","No"
"3983","No","Yes"
"3984","No","Yes"
"3985","No","No"
"3986","Yes","Yes"
"3987","Yes","Yes"
"3988","No","Yes"
"3989","No","No"
"3990","No","No"
"3991","No","No"
"3992","Yes","Yes"
"3993","No","No"
"3994","Yes","No"
"3995","No","No"
"3996","No","No"
"3997","No","Yes"
"3998","No","No"
"3999","No","No"
"4000","Yes","No"
"4001","No","No"
"4002","No","No"
"4003","No","No"
"4004","No","No"
"4005","No","No"
"4006","No","No"
"4007","No","No"
"4008","No","No"
"4009","No","No"
"4010","No","No"
"4011","No","No"
"4012","No","No"
"4013","No","Yes"
"4014","No","No"
"4015","No","No"
"4016","No","No"
"4017","No","No"
"4018","No","Yes"
"4019","No","No"
"4020","Yes","No"
"4021","No","No"
"4022","Yes","No"
"4023","No","No"
"4024","No","No"
"4025","Yes","No"
"4026","Yes","Yes"
"4027","Yes","Yes"
"4028","No","No"
"4029","No","No"
"4030","No","No"
"4031","No","No"
"4032","No","No"
"4033","No","No"
"4034","No","No"
"4035","No","No"
"4036","Yes","No"
"4037","No","No"
"4038","Yes","Yes"
"4039","No","No"
"4040","Yes","No"
"4041","No","No"
"4042","No","No"
"4043","No","No"
"4044","No","No"
"4045","No","No"
"4046","No","No"
"4047","No","No"
"4048","No","No"
"4049","No","No"
"4050","No","No"
"4051","No","Yes"
"4052","No","No"
"4053","No","Yes"
"4054","Yes","Yes"
"4055","Yes","No"
"4056","No","No"
"4057","No","Yes"
"4058","No","No"
"4059","No","No"
"4060","No","No"
"4061","No","No"
"4062","Yes","No"
"4063","Yes","Yes"
"4064","Yes","Yes"
"4065","Yes","No"
"4066","No","No"
"4067","Yes","No"
"4068","Yes","Yes"
"4069","No","No"
"4070","No","No"
"4071","No","No"
"4072","Yes","No"
"4073","No","No"
"4074","No","No"
"4075","No","Yes"
"4076","Yes","No"
"4077","Yes","No"
"4078","No","No"
"4079","Yes","No"
"4080","Yes","Yes"
"4081","No","No"
"4082","No","No"
"4083","Yes","Yes"
"4084","Yes","Yes"
"4085","No","No"
"4086","No","No"
"4087","No","No"
"4088","No","No"
"4089","No","No"
"4090","No","No"
"4091","Yes","No"
"4092","No","No"
"4093","Yes","No"
"4094","No","No"
"4095","Yes","No"
"4096","No","No"
"4097","No","No"
"4098","No","No"
"4099","Yes","No"
"4100","No","No"
"4101","No","No"
"4102","No","No"
"4103","No","No"
"4104","Yes","No"
"4105","No","No"
"4106","Yes","No"
"4107","No","No"
"4108","No","No"
"4109","Yes","Yes"
"4110","No","No"
"4111","No","No"
"4112","Yes","No"
"4113","No","No"
"4114","No","No"
"4115","No","No"
"4116","No","No"
"4117","No","No"
"4118","Yes","No"
"4119","Yes","No"
"4120","Yes","No"
"4121","No","No"
"4122","Yes","No"
"4123","No","No"
"4124","No","Yes"
"4125","No","No"
"4126","No","No"
"4127","Yes","Yes"
"4128","Yes","No"
"4129","No","No"
"4130","No","No"
"4131","No","Yes"
"4132","Yes","No"
"4133","No","Yes"
"4134","No","No"
"4135","Yes","Yes"
"4136","Yes","Yes"
"4137","No","No"
"4138","No","No"
"4139","No","No"
"4140","Yes","Yes"
"4141","No","No"
"4142","Yes","Yes"
"4143","No","No"
"4144","No","No"
"4145","No","No"
"4146","Yes","Yes"
"4147","No","No"
"4148","Yes","No"
"4149","No","No"
"4150","No","No"
"4151","Yes","No"
"4152","No","No"
"4153","Yes","Yes"
"4154","No","No"
"4155","No","No"
"4156","No","No"
"4157","No","No"
"4158","No","No"
"4159","Yes","Yes"
"4160","No","No"
"4161","No","No"
"4162","No","Yes"
"4163","Yes","No"
"4164","Yes","Yes"
"4165","Yes","No"
"4166","Yes","Yes"
"4167","No","No"
"4168","No","No"
"4169","No","Yes"
"4170","Yes","No"
"4171","No","No"
"4172","No","No"
"4173","No","No"
"4174","Yes","Yes"
"4175","No","No"
"4176","No","No"
"4177","No","Yes"
"4178","No","No"
"4179","No","Yes"
"4180","No","No"
"4181","Yes","No"
"4182","Yes","No"
"4183","No","No"
"4184","No","No"
"4185","No","No"
"4186","No","No"
"4187","No","No"
"4188","No","No"
"4189","Yes","No"
"4190","No","No"
"4191","No","No"
"4192","No","No"
"4193","No","No"
"4194","Yes","Yes"
"4195","No","No"
"4196","No","No"
"4197","No","No"
"4198","No","No"
"4199","No","No"
"4200","No","No"
"4201","No","No"
"4202","Yes","Yes"
"4203","No","No"
"4204","No","No"
"4205","No","No"
"4206","No","No"
"4207","No","Yes"
"4208","No","No"
"4209","No","No"
"4210","Yes","Yes"
"4211","Yes","No"
"4212","No","No"
"4213","Yes","Yes"
"4214","Yes","No"
"4215","Yes","Yes"
"4216","No","No"
"4217","No","No"
"4218","Yes","Yes"
"4219","No","No"
"4220","Yes","No"
"4221","No","No"
"4222","No","No"
"4223","Yes","No"
"4224","No","No"
"4225","No","No"
"4226","Yes","No"
"4227","No","No"
"4228","Yes","No"
"4229","No","Yes"
"4230","No","No"
"4231","No","Yes"
"4232","No","No"
"4233","Yes","Yes"
"4234","No","No"
"4235","No","No"
"4236","Yes","Yes"
"4237","No","No"
"4238","No","No"
"4239","No","No"
"4240","No","No"
"4241","No","No"
"4242","No","No"
"4243","No","No"
"4244","No","No"
"4245","No","No"
"4246","Yes","No"
"4247","No","No"
"4248","No","No"
"4249","Yes","Yes"
"4250","Yes","No"
"4251","No","No"
"4252","Yes","Yes"
"4253","No","No"
"4254","No","No"
"4255","No","No"
"4256","No","No"
"4257","Yes","No"
"4258","No","Yes"
"4259","No","No"
"4260","No","No"
"4261","Yes","Yes"
"4262","No","No"
"4263","Yes","Yes"
"4264","Yes","No"
"4265","No","No"
"4266","Yes","No"
"4267","Yes","Yes"
"4268","Yes","No"
"4269","No","No"
"4270","Yes","No"
"4271","Yes","No"
"4272","No","No"
"4273","No","No"
"4274","No","Yes"
"4275","Yes","No"
"4276","No","No"
"4277","No","Yes"
"4278","No","No"
"4279","No","No"
"4280","Yes","No"
"4281","No","No"
"4282","No","No"
"4283","No","No"
"4284","No","No"
"4285","No","Yes"
"4286","No","No"
"4287","Yes","Yes"
"4288","No","No"
"4289","No","No"
"4290","No","No"
"4291","Yes","No"
"4292","No","No"
"4293","No","No"
"4294","No","No"
"4295","Yes","No"
"4296","No","No"
"4297","No","No"
"4298","No","Yes"
"4299","No","No"
"4300","No","Yes"
"4301","Yes","Yes"
"4302","No","No"
"4303","No","No"
"4304","No","No"
"4305","No","No"
"4306","No","No"
"4307","Yes","Yes"
"4308","No","No"
"4309","No","No"
"4310","No","No"
"4311","Yes","Yes"
"4312","Yes","No"
"4313","Yes","Yes"
"4314","No","No"
"4315","Yes","Yes"
"4316","Yes","Yes"
"4317","No","Yes"
"4318","Yes","No"
"4319","No","No"
"4320","Yes","Yes"
"4321","No","No"
"4322","No","No"
"4323","Yes","No"
"4324","No","No"
"4325","No","No"
"4326","No","No"
"4327","Yes","No"
"4328","No","Yes"
"4329","No","No"
"4330","No","No"
"4331","Yes","Yes"
"4332","No","No"
"4333","No","No"
"4334","No","No"
"4335","No","No"
"4336","No","No"
"4337","No","No"
"4338","No","No"
"4339","No","No"
"4340","No","No"
"4341","No","No"
"4342","No","No"
"4343","No","No"
"4344","No","No"
"4345","No","No"
"4346","No","No"
"4347","No","No"
"4348","No","No"
"4349","No","No"
"4350","No","No"
"4351","No","No"
"4352","Yes","Yes"
"4353","No","No"
"4354","No","No"
"4355","No","No"
"4356","No","No"
"4357","No","No"
"4358","No","No"
"4359","No","No"
"4360","No","Yes"
"4361","No","No"
"4362","Yes","No"
"4363","No","No"
"4364","No","No"
"4365","Yes","Yes"
"4366","No","No"
"4367","No","No"
"4368","No","No"
"4369","No","No"
"4370","No","No"
"4371","No","No"
"4372","No","No"
"4373","Yes","Yes"
"4374","No","No"
"4375","No","No"
"4376","No","No"
"4377","Yes","Yes"
"4378","No","No"
"4379","Yes","Yes"
"4380","Yes","No"
"4381","No","No"
"4382","Yes","No"
"4383","Yes","No"
"4384","No","No"
"4385","No","No"
"4386","No","No"
"4387","Yes","Yes"
"4388","Yes","No"
"4389","No","No"
"4390","Yes","No"
"4391","Yes","Yes"
"4392","Yes","No"
"4393","No","No"
"4394","No","No"
"4395","No","No"
"4396","No","No"
"4397","No","No"
"4398","No","No"
"4399","Yes","No"
"4400","Yes","Yes"
"4401","No","No"
"4402","Yes","Yes"
"4403","No","No"
"4404","No","No"
"4405","Yes","Yes"
"4406","No","No"
"4407","Yes","No"
"4408","Yes","No"
"4409","No","No"
"4410","No","No"
"4411","No","No"
"4412","No","No"
"4413","Yes","No"
"4414","No","No"
"4415","Yes","No"
"4416","No","No"
"4417","No","No"
"4418","No","No"
"4419","Yes","No"
"4420","Yes","Yes"
"4421","No","Yes"
"4422","No","No"
"4423","No","No"
"4424","No","No"
"4425","No","No"
"4426","No","No"
"4427","No","Yes"
"4428","Yes","No"
"4429","No","No"
"4430","Yes","No"
"4431","No","No"
"4432","Yes","Yes"
"4433","Yes","No"
"4434","No","No"
"4435","No","No"
"4436","No","No"
"4437","No","No"
"4438","No","No"
"4439","No","No"
"4440","No","No"
"4441","No","No"
"4442","No","Yes"
"4443","Yes","Yes"
"4444","No","Yes"
"4445","Yes","Yes"
"4446","No","No"
"4447","No","No"
"4448","No","No"
"4449","No","No"
"4450","No","No"
"4451","Yes","Yes"
"4452","No","No"
"4453","No","No"
"4454","No","No"
"4455","No","No"
"4456","Yes","No"
"4457","No","No"
"4458","No","No"
"4459","No","No"
"4460","Yes","Yes"
"4461","Yes","Yes"
"4462","Yes","No"
"4463","No","No"
"4464","No","No"
"4465","No","No"
"4466","No","No"
"4467","No","No"
"4468","No","No"
"4469","No","No"
"4470","Yes","Yes"
"4471","No","No"
"4472","Yes","No"
"4473","No","No"
"4474","Yes","Yes"
"4475","No","No"
"4476","Yes","Yes"
"4477","No","Yes"
"4478","No","No"
"4479","No","No"
"4480","Yes","No"
"4481","Yes","No"
"4482","No","No"
"4483","No","No"
"4484","No","No"
"4485","Yes","No"
"4486","No","No"
"4487","No","No"
"4488","No","No"
"4489","No","No"
"4490","No","No"
"4491","No","No"
"4492","Yes","No"
"4493","No","No"
"4494","Yes","Yes"
"4495","Yes","Yes"
"4496","No","No"
"4497","No","No"
"4498","Yes","Yes"
"4499","No","No"
"4500","Yes","No"
"4501","Yes","No"
"4502","No","No"
"4503","No","No"
"4504","No","No"
"4505","No","No"
"4506","Yes","No"
"4507","No","No"
"4508","No","No"
"4509","No","No"
"4510","No","No"
"4511","No","No"
"4512","No","No"
"4513","No","No"
"4514","No","No"
"4515","Yes","Yes"
"4516","No","No"
"4517","No","No"
"4518","Yes","Yes"
"4519","Yes","No"
"4520","No","No"
"4521","No","No"
"4522","No","No"
"4523","Yes","No"
"4524","No","No"
"4525","No","No"
"4526","No","No"
"4527","No","No"
"4528","Yes","No"
"4529","No","No"
"4530","No","No"
"4531","Yes","Yes"
"4532","Yes","Yes"
"4533","Yes","Yes"
"4534","Yes","No"
"4535","No","No"
"4536","Yes","Yes"
"4537","No","No"
"4538","No","Yes"
"4539","No","No"
"4540","No","No"
"4541","No","No"
"4542","No","No"
"4543","Yes","No"
"4544","No","Yes"
"4545","Yes","Yes"
"4546","No","No"
"4547","No","No"
"4548","No","No"
"4549","No","No"
"4550","No","No"
"4551","No","No"
"4552","No","No"
"4553","No","No"
"4554","No","No"
"4555","Yes","No"
"4556","No","No"
"4557","Yes","No"
"4558","No","No"
"4559","No","No"
"4560","Yes","No"
"4561","Yes","Yes"
"4562","No","No"
"4563","No","No"
"4564","No","No"
"4565","No","No"
"4566","No","No"
"4567","Yes","Yes"
"4568","Yes","No"
"4569","No","No"
"4570","No","No"
"4571","No","No"
"4572","No","No"
"4573","No","No"
"4574","No","Yes"
"4575","No","No"
"4576","No","No"
"4577","No","No"
"4578","No","No"
"4579","Yes","No"
"4580","No","No"
"4581","No","No"
"4582","No","No"
"4583","Yes","No"
"4584","Yes","No"
"4585","No","No"
"4586","No","No"
"4587","No","No"
"4588","No","No"
"4589","No","No"
"4590","No","No"
"4591","Yes","Yes"
"4592","No","No"
"4593","Yes","Yes"
"4594","Yes","Yes"
"4595","No","No"
"4596","No","No"
"4597","Yes","No"
"4598","No","No"
"4599","No","No"
"4600","Yes","Yes"
"4601","No","No"
"4602","No","No"
"4603","Yes","Yes"
"4604","No","No"
"4605","Yes","No"
"4606","No","No"
"4607","No","No"
"4608","Yes","Yes"
"4609","No","No"
"4610","No","No"
"4611","No","No"
"4612","No","No"
"4613","No","No"
"4614","No","Yes"
"4615","No","Yes"
"4616","No","No"
"4617","No","No"
"4618","No","No"
"4619","No","No"
"4620","No","No"
"4621","Yes","No"
"4622","No","No"
"4623","No","No"
"4624","No","No"
"4625","No","No"
"4626","Yes","Yes"
"4627","No","No"
"4628","No","No"
"4629","No","No"
"4630","No","No"
"4631","No","No"
"4632","Yes","Yes"
"4633","No","No"
"4634","No","No"
"4635","No","No"
"4636","No","No"
"4637","No","No"
"4638","No","No"
"4639","Yes","No"
"4640","No","No"
"4641","No","No"
"4642","No","No"
"4643","Yes","No"
"4644","Yes","No"
"4645","Yes","Yes"
"4646","Yes","Yes"
"4647","No","No"
"4648","No","No"
"4649","No","No"
"4650","No","No"
"4651","No","No"
"4652","No","No"
"4653","No","No"
"4654","No","No"
"4655","No","No"
"4656","No","No"
"4657","No","No"
"4658","No","No"
"4659","Yes","No"
"4660","No","No"
"4661","No","No"
"4662","Yes","Yes"
"4663","Yes","No"
"4664","No","No"
"4665","No","No"
"4666","Yes","Yes"
"4667","No","No"
"4668","No","No"
"4669","No","No"
"4670","No","Yes"
"4671","No","No"
"4672","Yes","No"
"4673","No","No"
"4674","Yes","No"
"4675","Yes","No"
"4676","No","No"
"4677","No","No"
"4678","No","No"
"4679","No","No"
"4680","No","No"
"4681","No","No"
"4682","No","No"
"4683","No","No"
"4684","No","No"
"4685","No","No"
"4686","No","No"
"4687","No","No"
"4688","Yes","Yes"
"4689","No","No"
"4690","No","No"
"4691","No","No"
"4692","No","No"
"4693","Yes","Yes"
"4694","No","No"
"4695","No","No"
"4696","No","No"
"4697","No","Yes"
"4698","No","No"
"4699","No","No"
"4700","No","No"
"4701","No","No"
"4702","Yes","No"
"4703","No","No"
"4704","No","No"
"4705","No","No"
"4706","No","No"
"4707","Yes","No"
"4708","No","No"
"4709","No","No"
"4710","No","No"
"4711","No","No"
"4712","Yes","No"
"4713","No","No"
"4714","No","No"
"4715","No","No"
"4716","No","No"
"4717","No","No"
"4718","No","No"
"4719","No","No"
"4720","No","No"
"4721","No","No"
"4722","No","No"
"4723","No","No"
"4724","No","No"
"4725","Yes","Yes"
"4726","No","No"
"4727","No","No"
"4728","No","No"
"4729","No","Yes"
"4730","No","No"
"4731","No","No"
"4732","No","No"
"4733","Yes","No"
"4734","No","Yes"
"4735","Yes","No"
"4736","No","Yes"
"4737","Yes","No"
"4738","Yes","No"
"4739","No","No"
"4740","Yes","No"
"4741","No","No"
"4742","Yes","Yes"
"4743","Yes","Yes"
"4744","No","No"
"4745","No","No"
"4746","No","No"
"4747","No","Yes"
"4748","Yes","Yes"
"4749","Yes","Yes"
"4750","No","No"
"4751","No","No"
"4752","No","No"
"4753","No","No"
"4754","Yes","No"
"4755","No","No"
"4756","Yes","No"
"4757","No","No"
"4758","No","No"
"4759","No","No"
"4760","No","No"
"4761","No","No"
"4762","No","No"
"4763","No","No"
"4764","No","No"
"4765","Yes","No"
"4766","No","No"
"4767","No","No"
"4768","No","No"
"4769","No","No"
"4770","No","No"
"4771","Yes","No"
"4772","No","No"
"4773","No","No"
"4774","No","No"
"4775","No","No"
"4776","No","No"
"4777","No","No"
"4778","No","No"
"4779","No","No"
"4780","No","No"
"4781","No","No"
"4782","No","Yes"
"4783","No","No"
"4784","No","No"
"4785","No","No"
"4786","No","No"
"4787","Yes","Yes"
"4788","No","No"
"4789","No","No"
"4790","No","No"
"4791","No","No"
"4792","No","No"
"4793","No","No"
"4794","No","No"
"4795","Yes","No"
"4796","Yes","Yes"
"4797","No","No"
"4798","No","No"
"4799","No","Yes"
"4800","No","Yes"
"4801","Yes","No"
"4802","No","No"
"4803","No","No"
"4804","No","Yes"
"4805","Yes","No"
"4806","No","No"
"4807","No","No"
"4808","No","No"
"4809","No","No"
"4810","No","No"
"4811","No","No"
"4812","No","No"
"4813","No","No"
"4814","No","No"
"4815","Yes","No"
"4816","No","No"
"4817","No","No"
"4818","No","No"
"4819","Yes","No"
"4820","Yes","No"
"4821","No","No"
"4822","No","No"
"4823","No","No"
"4824","No","No"
"4825","No","No"
"4826","No","No"
"4827","No","No"
"4828","No","No"
"4829","No","No"
"4830","No","No"
"4831","Yes","No"
"4832","No","No"
"4833","No","No"
"4834","No","No"
"4835","Yes","No"
"4836","Yes","No"
"4837","Yes","Yes"
"4838","No","No"
"4839","No","No"
"4840","Yes","No"
"4841","No","No"
"4842","No","No"
"4843","No","No"
"4844","Yes","No"
"4845","No","No"
"4846","No","No"
"4847","No","No"
"4848","No","No"
"4849","No","Yes"
"4850","No","No"
"4851","No","No"
"4852","No","No"
"4853","No","No"
"4854","No","No"
"4855","No","No"
"4856","No","No"
"4857","No","No"
"4858","No","No"
"4859","No","No"
"4860","Yes","No"
"4861","No","No"
"4862","Yes","No"
"4863","No","No"
"4864","No","No"
"4865","No","No"
"4866","No","No"
"4867","No","No"
"4868","No","No"
"4869","No","No"
"4870","No","No"
"4871","No","No"
"4872","No","No"
"4873","No","Yes"
"4874","Yes","No"
"4875","No","No"
"4876","No","No"
"4877","No","No"
"4878","Yes","Yes"
"4879","Yes","Yes"
"4880","No","No"
"4881","Yes","Yes"
"4882","No","No"
"4883","No","No"
"4884","No","No"
"4885","No","No"
"4886","No","No"
"4887","No","No"
"4888","No","No"
"4889","Yes","Yes"
"4890","No","No"
"4891","No","No"
"4892","No","No"
"4893","Yes","No"
"4894","Yes","Yes"
"4895","No","No"
"4896","No","No"
"4897","No","No"
"4898","Yes","Yes"
"4899","No","No"
"4900","No","No"
"4901","No","No"
"4902","No","No"
"4903","No","No"
"4904","Yes","No"
"4905","Yes","No"
"4906","Yes","No"
"4907","No","No"
"4908","Yes","No"
"4909","No","No"
"4910","No","No"
"4911","No","No"
"4912","No","No"
"4913","No","No"
"4914","No","Yes"
"4915","No","No"
"4916","No","No"
"4917","No","No"
"4918","Yes","No"
"4919","No","No"
"4920","No","No"
"4921","No","No"
"4922","No","No"
"4923","No","No"
"4924","No","No"
"4925","No","No"
"4926","No","No"
"4927","No","No"
"4928","No","No"
"4929","No","Yes"
"4930","Yes","Yes"
